PART_NO,PART_DESCRIPTION,Version,ST_ LOCATION,VALIDITY,CAT Description,QTY REQUIRED,Qty / Lot,Primary #,Secondary #,Pack Code,Pack Qty,Packing Group,Total No of Packing Group,Mix Group,Mix,Bom.no,Case_map,Images
792602VF6D,FES LHD PHANTOM PART,5,AH,-,X866A725KAXCL - GAZL E3,24,24,X866A725KAXCL - GAZL E3,AGG,Front End Structure Assembly,1,AH,24,0,0,1,0,792602VF6D
430002VB9B,Rear AXLE UNIT ,5,AI,-,X866A725KAXCL - GAZL E3,24,24,X866A725KAXCL - GAZL E3,AGG,SINGLE REAR AXLE ASSEMBLYPANE,4,AI,6,0,0,2,0,430002VB9B
MFFAVF0004,MITR FAB FIRST FRONT AXLE  LH,5,AJ,-,X866A725KAXCL - GAZL E3,24,24,X866A725KAXCL - GAZL E3,AGG,Front axle ,4,AJ,6,0,0,3,0,MFFAVF0004
101002VF6E SA,Engine &(Gear box Assy- 320102VE6A),5,AE,-,X866A725KAXCL - GAZL E3,24,24,X866A725KAXCL - GAZL E3,AGG,Engine Sub assambly,3,AE,8,0,0,4,0,101002VF6E SA
MFWAVF0005,WHEEL ASSY PANEL BUS 7MMiTR G,5,AT,-,X866A725KAXCL - GAZL E3,168,168,X866A725KAXCL - GAZL E3,AGG,Tyre,21,AT,8,0,0,5,0,MFWAVF0005
11-2500011,"BOLT-FIX,P/S",5,AB-L1-A1 Box,-,X866A725KAXCL - GAZL E3,96,96,X866A725KAXCL - GAZL E3,Loose Item,PROPELLER SHAFT ASSEMBLY,96,AB,1,0,0,96,0,11-2500011
11-2500931,"BOLT-HEX HD,FLG",5,AB-L1-A1 Box,-,X866A725KAXCL - GAZL E3,48,48,X866A725KAXCL - GAZL E3,Loose Item,MITR FABPANEL BUS EURO3  EURO,48,AB,1,0,0,97,0,11-2500931
113202VF0A,INSUL ASSY - ENG MTG (RR),5,AD L2,-,X866A725KAXCL - GAZL E3,24,24,X866A725KAXCL - GAZL E3,Loose Item,MITR FABPANEL  ENGINE MTG ASS,24,AD,1,0,0,98,0,113202VF0A
12-2300241,Steering Wheel Nut,5,AC-L1-B2 Box,-,X866A725KAXCL - GAZL E3,24,24,X866A725KAXCL - GAZL E3,Loose Item,Steering column,24,AC,1,0,0,99,0,12-2300241
144632VF0A,HOSE - AIR INLET,5,AB L4,-,X866A725KAXCL - GAZL E3,24,24,X866A725KAXCL - GAZL E3,Loose Item,CLS COMPL W RING FAN MITR LHD,24,AB,1,0,0,100,0,144632VF0A
144642VE0A,"CLP-HOSE,TURBO",5,AB-L1-A3 Box,-,X866A725KAXCL - GAZL E3,72,72,X866A725KAXCL - GAZL E3,Loose Item,CLS COMPL W RING FAN MITR LHD,72,AB,1,0,0,101,0,144642VE0A
144682VF0A,HOSE - AIR SUCT,5,AD L4,-,X866A725KAXCL - GAZL E3,24,24,X866A725KAXCL - GAZL E3,Loose Item,CLS COMPL W RING FAN MITR LHD,24,AD,1,0,0,102,0,144682VF0A
147472VF1B,RAD COMPL W RING FAN SHROUD M,5,AK,-,X866A725KAXCL - GAZL E3,24,24,X866A725KAXCL - GAZL E3,Loose Item,CLS COMPL W RING FAN MITR LHD,6,AK,4,0,0,103,0,147472VF1B
15-5800431,"CLP-HOSE,SPR PLATE",5,AC-L1-A4 Box,-,X866A725KAXCL - GAZL E3,144,144,X866A725KAXCL - GAZL E3,Loose Item,PANEL BUS LHD FUEL PIPING - WITH PREFILT,144,AC,1,0,0,104,0,15-5800431
164002VE0B,PRE FUEL FILTER,5,AD L3,-,X866A725KAXCL - GAZL E3,24,24,X866A725KAXCL - GAZL E3,Loose Item,ENG ASSYE3E4 PANELFABRI LOOSE,24,AD,1,0,0,105,0,164002VE0B
164002VF1A,FILTER ASSY FUEL W/ SENSOR – MITR LHD,5,AA L3,-,X866A725KAXCL - GAZL E3,24,24,X866A725KAXCL - GAZL E3,Loose Item,ENG ASSYE3E4 PANELFABRI LOOSE,24,AA,1,0,0,106,0,164002VF1A
164192VF1C,BRKT ASSY - FUEL FILTER,5,AB-L1-A3 Box,-,X866A725KAXCL - GAZL E3,24,24,X866A725KAXCL - GAZL E3,Loose Item,PANEL BUS LHD FUEL PIPING - WITH PREFILT,24,AB,1,0,0,107,0,164192VF1C
164192VF2C,BRKT ASSY FUEL FILTER,5,AC-L1-A4 Box,-,X866A725KAXCL - GAZL E3,24,24,X866A725KAXCL - GAZL E3,Loose Item,PANEL BUS LHD FUEL PIPING - WITH PREFILT,24,AC,1,0,0,108,0,164192VF2C
164812VF2A,STOP PLATE,5,AB-L1-A3 Box,-,X866A725KAXCL - GAZL E3,144,144,X866A725KAXCL - GAZL E3,Loose Item,PANEL BUS LHD FUEL PIPING - WITH PREFILT,144,AB,1,0,0,109,0,164812VF2A
165002VF4A,PANEL BUS BS4 AIS PLANTKIT,5,AH,-,X866A725KAXCL - GAZL E3,24,24,X866A725KAXCL - GAZL E3,Loose Item,MITR FAB E3 3700WB AIS,1,AH,24,0,0,110,0,165002VF4A
165382VF0A,BRKT-AIR DUCT,5,AB L1,-,X866A725KAXCL - GAZL E3,24,24,X866A725KAXCL - GAZL E3,Loose Item,MITR FAB E3 3700WB AIS,24,AB,1,0,0,111,0,165382VF0A
165542VF4A,PANEL BUS AIS BBKIT,5,AH,-,X866A725KAXCL - GAZL E3,24,24,X866A725KAXCL - GAZL E3,Loose Item,MITR FAB E3 3700WB AIS,1,AH,24,0,0,112,0,165542VF4A
165742VF0B,SUPT- AIR CLNR,5,AG L2,-,X866A725KAXCL - GAZL E3,24,24,X866A725KAXCL - GAZL E3,Loose Item,MITR FAB E3 3700WB AIS,24,AG,1,0,0,113,0,165742VF0B
165772VF3A,PANEL BUS EURO3 AIS CLEAN SID,5,AH,-,X866A725KAXCL - GAZL E3,24,24,X866A725KAXCL - GAZL E3,Loose Item,MITR FAB E3 3700WB AIS,1,AH,24,0,0,114,0,165772VF3A
172022VF0B,TANK COMPL-FUEL,5,AH,-,X866A725KAXCL - GAZL E3,24,24,X866A725KAXCL - GAZL E3,Loose Item,FUEL TANK ASSEMBLY,1,AH,24,0,0,115,0,172022VF0B
172442VE0A,INSUL-FUEL TANK,5,AD L2,-,X866A725KAXCL - GAZL E3,48,48,X866A725KAXCL - GAZL E3,Loose Item,FUEL TANK ASSEMBLY,48,AD,1,0,0,116,0,172442VE0A
172442VE0B,INSUL-FUEL TANK,5,AD L2,-,X866A725KAXCL - GAZL E3,48,48,X866A725KAXCL - GAZL E3,Loose Item,FUEL TANK ASSEMBLY,48,AD,1,0,0,117,0,172442VE0B
174062VE0A,BAND ASSY-FUEL TANK MTG,5,AD L3,-,X866A725KAXCL - GAZL E3,48,48,X866A725KAXCL - GAZL E3,Loose Item,FUEL TANK ASSEMBLY,48,AD,1,0,0,118,0,174062VE0A
174212VE0D,BRKT ASSY-FUEL TANK SUPT,5,AG L1,-,X866A725KAXCL - GAZL E3,48,48,X866A725KAXCL - GAZL E3,Loose Item,FUEL TANK ASSEMBLY,48,AG,1,0,0,119,0,174212VE0D
175252VF2B,HOSE-FUEL,5,AB L4,-,X866A725KAXCL - GAZL E3,24,24,X866A725KAXCL - GAZL E3,Loose Item,PANEL BUS LHD FUEL PIPING - WITH PREFILT,24,AB,1,0,0,120,0,175252VF2B
175252VF3B,HOSE-FUEL,5,AA L4,-,X866A725KAXCL - GAZL E3,24,24,X866A725KAXCL - GAZL E3,Loose Item,PANEL BUS LHD FUEL PIPING - WITH PREFILT,24,AA,1,0,0,121,0,175252VF3B
175252VF3C,HOSE-FUEL,5,AC L3,-,X866A725KAXCL - GAZL E3,24,24,X866A725KAXCL - GAZL E3,Loose Item,PANEL BUS LHD FUEL PIPING - WITH PREFILT,24,AC,1,0,0,122,0,175252VF3C
175252VF3D,FUEL - HOSE SUC,5,AB-L1-A3 Box,-,X866A725KAXCL - GAZL E3,24,24,X866A725KAXCL - GAZL E3,Loose Item,PANEL BUS LHD FUEL PIPING - WITH PREFILT,24,AB,1,0,0,123,0,175252VF3D
175282VF0A,BRKT - TUBE CLAMP,5,AB-L1-A2 Box,-,X866A725KAXCL - GAZL E3,24,24,X866A725KAXCL - GAZL E3,Loose Item,PANEL BUS LHD FUEL PIPING - WITH PREFILT,24,AB,1,0,0,124,0,175282VF0A
175282VF1A,BRKT - TUBE CLAMP,5,AB-L1-A1 Box,-,X866A725KAXCL - GAZL E3,24,24,X866A725KAXCL - GAZL E3,Loose Item,PANEL BUS LHD FUEL PIPING - WITH PREFILT,24,AB,1,0,0,125,0,175282VF1A
175992VE0A,NUT - SPL (METALLIC CRIMP M16x1.5,5,AB-L1-A1 Box,-,X866A725KAXCL - GAZL E3,192,192,X866A725KAXCL - GAZL E3,Loose Item,PANEL BUS  FABRICATED BUS RR,192,AB,1,0,0,126,0,175992VE0A
200102VE0A,"TUBE ASSY-EXH,FR",5,AD L4,-,X866A725KAXCL - GAZL E3,24,24,X866A725KAXCL - GAZL E3,Loose Item,MITR FABPANEL BUS EURO3  EURO,24,AD,1,0,0,127,0,200102VE0A
200302VE1A,TUBE ASSY EXH CTR,5,AD L4,-,X866A725KAXCL - GAZL E3,24,24,X866A725KAXCL - GAZL E3,Loose Item,MITR FABPANEL BUS EURO3  EURO,24,AD,1,0,0,128,0,200302VE1A
200502VF0B,TUBE ASSY- EXS TAIL,5,AH,-,X866A725KAXCL - GAZL E3,24,24,X866A725KAXCL - GAZL E3,Loose Item,MITR FABPANEL BUS EURO3  EURO,1,AH,24,0,0,129,0,200502VF0B
200502VF0C,TUBE ASSY- EXS TAIL,5,AH,-,X866A725KAXCL - GAZL E3,24,24,X866A725KAXCL - GAZL E3,Loose Item,MITR FABPANEL BUS EURO3  EURO,1,AH,24,0,0,130,0,200502VF0C
201002VE0B,MFLR ASSY - E0H MAIN,5,AH,-,X866A725KAXCL - GAZL E3,24,24,X866A725KAXCL - GAZL E3,Loose Item,MITR FABPANEL BUS EURO3  EURO,1,AH,24,0,0,131,0,201002VE0B
206012VE0A,PLATE - FIXING TUBE END,5,AB L4,-,X866A725KAXCL - GAZL E3,48,48,X866A725KAXCL - GAZL E3,Loose Item,MITR FABPANEL BUS EURO3  EURO,48,AB,1,0,0,132,0,206012VE0A
206012VE0B,PLATE - FIXING TUBE END,5,AB-L1-A3 Box,-,X866A725KAXCL - GAZL E3,24,24,X866A725KAXCL - GAZL E3,Loose Item,MITR FABPANEL BUS EURO3  EURO,24,AB,1,0,0,133,0,206012VE0B
206512VE0B,MTG - EOH RUB,5,AB L4,-,X866A725KAXCL - GAZL E3,288,288,X866A725KAXCL - GAZL E3,Loose Item,MITR FABPANEL BUS EURO3  EURO,288,AB,1,0,0,134,0,206512VE0B
206532VE0A,SPACER,5,AB-L1-A3 Box,-,X866A725KAXCL - GAZL E3,48,48,X866A725KAXCL - GAZL E3,Loose Item,MITR FABPANEL BUS EURO3  EURO,48,AB,1,0,0,135,0,206532VE0A
206532VE0B,SPACER,5,AB-L1-A2 Box,-,X866A725KAXCL - GAZL E3,96,96,X866A725KAXCL - GAZL E3,Loose Item,MITR FABPANEL BUS EURO3  EURO,96,AB,1,0,0,136,0,206532VE0B
206662VE0A,COLLAR - E0H MTG,5,AB-L1-A1 Box,-,X866A725KAXCL - GAZL E3,144,144,X866A725KAXCL - GAZL E3,Loose Item,MITR FABPANEL BUS EURO3  EURO,144,AB,1,0,0,137,0,206662VE0A
206912VE0A,"GSKT-EXH,HEAD",5,AB-L1-A1 Box,-,X866A725KAXCL - GAZL E3,24,24,X866A725KAXCL - GAZL E3,Loose Item,MITR FABPANEL BUS EURO3  EURO,24,AB,1,0,0,138,0,206912VE0A
206912VE0B,GSKT-EXH,5,AB-L1-A1 Box,-,X866A725KAXCL - GAZL E3,48,48,X866A725KAXCL - GAZL E3,Loose Item,MITR FABPANEL BUS EURO3  EURO,48,AB,1,0,0,139,0,206912VE0B
207132VE0A,SILENCER BRAK,5,AD L2,-,X866A725KAXCL - GAZL E3,48,48,X866A725KAXCL - GAZL E3,Loose Item,MITR FABPANEL BUS EURO3  EURO,48,AD,1,0,0,140,0,207132VE0A
207132VE0B,SILENCER BRAK,5,AD L2,-,X866A725KAXCL - GAZL E3,24,24,X866A725KAXCL - GAZL E3,Loose Item,MITR FABPANEL BUS EURO3  EURO,24,AD,1,0,0,141,0,207132VE0B
207132VE0E,MTG ASSY-EXH,5,AB L3,-,X866A725KAXCL - GAZL E3,48,48,X866A725KAXCL - GAZL E3,Loose Item,MITR FABPANEL BUS EURO3  EURO,48,AB,1,0,0,142,0,207132VE0E
207132VF0D,MTG ASSY - EXH,5,AD L2,-,X866A725KAXCL - GAZL E3,24,24,X866A725KAXCL - GAZL E3,Loose Item,MITR FABPANEL BUS EURO3  EURO,24,AD,1,0,0,143,0,207132VF0D
207902VE0A,"BRKT-EXH MTG,FR TUBE",5,AB L4,-,X866A725KAXCL - GAZL E3,24,24,X866A725KAXCL - GAZL E3,Loose Item,MITR FABPANEL BUS EURO3  EURO,24,AB,1,0,0,144,0,207902VE0A
210982VB7B,BOLT FLG HEX M10x1.5x50,5,AB-L1-A1 Box,-,X866A725KAXCL - GAZL E3,120,120,X866A725KAXCL - GAZL E3,Loose Item,MITR 3700WB-LHD-CSRA - EXPORTS - TOW HOO,120,AB,1,0,0,145,0,210982VB7B
214452VF0A,BRKT - RAD MTG (RH),5,AA L3,-,X866A725KAXCL - GAZL E3,24,24,X866A725KAXCL - GAZL E3,Loose Item,CLS COMPL W RING FAN MITR LHD,24,AA,1,0,0,146,0,214452VF0A
214452VF0B,BRKT - RAD MTG (LH),5,AA L4,-,X866A725KAXCL - GAZL E3,24,24,X866A725KAXCL - GAZL E3,Loose Item,CLS COMPL W RING FAN MITR LHD,24,AA,1,0,0,147,0,214452VF0B
214552VF0A,BRKT - RAD MTG,5,AB-L1-A2 Box,-,X866A725KAXCL - GAZL E3,48,48,X866A725KAXCL - GAZL E3,Loose Item,CLS COMPL W RING FAN MITR LHD,48,AB,1,0,0,148,0,214552VF0A
214942VF0E,SCOOP ASSY BUS BODY KITFAB BU,5,AH,-,X866A725KAXCL - GAZL E3,24,24,X866A725KAXCL - GAZL E3,Loose Item,CLS COMPL W RING FAN MITR LHD,1,AH,24,0,0,149,0,214942VF0E
214972VE0A,Seal - Rad LWR,5,AA L4,-,X866A725KAXCL - GAZL E3,24,24,X866A725KAXCL - GAZL E3,Loose Item,CLS COMPL W RING FAN MITR LHD,24,AA,1,0,0,150,0,214972VE0A
215682VE0B,PLATE BAFFLE RH,5,AA L4,-,X866A725KAXCL - GAZL E3,24,24,X866A725KAXCL - GAZL E3,Loose Item,CLS COMPL W RING FAN MITR LHD,24,AA,1,0,0,151,0,215682VE0B
215692VE0B,PLATE BAFFLE LH,5,AA L4 ,-,X866A725KAXCL - GAZL E3,24,24,X866A725KAXCL - GAZL E3,Loose Item,CLS COMPL W RING FAN MITR LHD,24,AA,1,0,0,152,0,215692VE0B
226802VE0A,METER ASSY-AIR FLOW,5,AC-L1-B2 Box,-,X866A725KAXCL - GAZL E3,24,24,X866A725KAXCL - GAZL E3,Loose Item,CLS COMPL W RING FAN MITR LHD,24,AC,1,0,0,153,0,226802VE0A
237102VE0A,ECU BOSCH F24 BS3/E3,5,AD L3,-,X866A725KAXCL - GAZL E3,24,24,X866A725KAXCL - GAZL E3,Loose Item,ENG ASSYE3E4 PANELFABRI LOOSE,24,AD,1,0,0,154,0,237102VE0A
240142VF1D,HARN - BODY,5,AE,-,X866A725KAXCL - GAZL E3,24,24,X866A725KAXCL - GAZL E3,Loose Item,TRANSFER PART,3,AE,8,0,0,155,0,240142VF1D
240152VF1D,HARN - TAIL,5,AA L4,-,X866A725KAXCL - GAZL E3,24,24,X866A725KAXCL - GAZL E3,Loose Item,TRANSFER PART,24,AA,1,0,0,156,0,240152VF1D
240252VF0A,Tail Lamp Pigtail,5,AB L4,-,X866A725KAXCL - GAZL E3,48,48,X866A725KAXCL - GAZL E3,Loose Item,TRANSFER PART,48,AB,1,0,0,157,0,240252VF0A
240442VE0A,STAY-HARN,5,AB-L1-A1 Box,-,X866A725KAXCL - GAZL E3,48,48,X866A725KAXCL - GAZL E3,Loose Item,TRANSFER PART,48,AB,1,0,0,158,0,240442VE0A
240992VE0A,BRKT-HARN,5,AB-L1-A2 Box,-,X866A725KAXCL - GAZL E3,144,144,X866A725KAXCL - GAZL E3,Loose Item,TRANSFER PART,144,AB,1,0,0,159,0,240992VE0A
240992VF0C,BRKT-HARN,5,AB-L1-A3 Box,-,X866A725KAXCL - GAZL E3,48,48,X866A725KAXCL - GAZL E3,Loose Item,TRANSFER PART,48,AB,1,0,0,160,0,240992VF0C
241102VF0D,BATTERY POSITIVE CABLE,5,AE,-,X866A725KAXCL - GAZL E3,24,24,X866A725KAXCL - GAZL E3,Loose Item,TRANSFER PART,3,AE,8,0,0,161,0,241102VF0D
241102VF1D,BATTERY POSITIVE CABLE,5,AE,-,X866A725KAXCL - GAZL E3,24,24,X866A725KAXCL - GAZL E3,Loose Item,TRANSFER PART,3,AE,8,0,0,162,0,241102VF1D
244252VE0B,ROD ASSY-BAT FIX BRKT,5,AB L2,-,X866A725KAXCL - GAZL E3,24,24,X866A725KAXCL - GAZL E3,Loose Item,MITR BATTERY TRAY -LHD AC,24,AB,1,0,0,163,0,244252VE0B
250602VE0B,SENDER UNIT – FUEL GAUGE,5,AC L3,-,X866A725KAXCL - GAZL E3,24,24,X866A725KAXCL - GAZL E3,Loose Item,FUEL TANK ASSEMBLY,24,AC,1,0,0,164,0,250602VE0B
256102VE1A,HORN ASSY - HIGH,5,AB-L1-A3 Box,-,X866A725KAXCL - GAZL E3,24,24,X866A725KAXCL - GAZL E3,Loose Item,TRANSFER PART,24,AB,1,0,0,165,0,256102VE1A
256402VE0A,Buzzer Assy,5,AB-L1-A1 Box,-,X866A725KAXCL - GAZL E3,24,24,X866A725KAXCL - GAZL E3,Loose Item,KIT PART FOR FABRICATED BUS E,24,AB,1,0,0,166,0,256402VE0A
260102VF3A,HEAD LAMP ASSY,5,AG L2,-,X866A725KAXCL - GAZL E3,48,48,X866A725KAXCL - GAZL E3,Loose Item,FABRICATED BUS 3700 WB E3  E4,48,AG,1,0,0,167,0,260102VF3A
261302VF0A,LAMP ASSY - FR TURN (RH),5,AA L4,-,X866A725KAXCL - GAZL E3,24,24,X866A725KAXCL - GAZL E3,Loose Item,FABRICATED BUS 3700 WB E3  E4,24,AA,1,0,0,168,0,261302VF0A
261352VF0A,LAMP ASSY - FR TURN (LH),5,AA L4,-,X866A725KAXCL - GAZL E3,24,24,X866A725KAXCL - GAZL E3,Loose Item,FABRICATED BUS 3700 WB E3  E4,24,AA,1,0,0,169,0,261352VF0A
261502VE0A,LAMP ASSY - REAR FOG,5,AB L4,-,X866A725KAXCL - GAZL E3,48,48,X866A725KAXCL - GAZL E3,Loose Item,KIT PART FOR FABRICATED BUS E,48,AB,1,0,0,170,0,261502VE0A
261602VE0A,"LAMP ASSY-SIDE TURN SIGNAL,LH",5,AA L4,-,X866A725KAXCL - GAZL E3,24,24,X866A725KAXCL - GAZL E3,Loose Item,KIT PART FOR FABRICATED BUS E,24,AA,1,0,0,171,0,261602VE0A
261652VE0A,"LAMP ASSY-SIDE TURN SIGNAL,RH",5,AA L4,-,X866A725KAXCL - GAZL E3,24,24,X866A725KAXCL - GAZL E3,Loose Item,KIT PART FOR FABRICATED BUS E,24,AA,1,0,0,172,0,261652VE0A
265452VF0A,Reverse direction lamp,5,AA L4 ,-,X866A725KAXCL - GAZL E3,48,48,X866A725KAXCL - GAZL E3,Loose Item,TRANSFER PART,48,AA,1,0,0,173,0,265452VF0A
265502VF0A,Tail stop lamp,5,AB L4,-,X866A725KAXCL - GAZL E3,48,48,X866A725KAXCL - GAZL E3,Loose Item,TRANSFER PART,48,AB,1,0,0,174,0,265502VF0A
265712VF1A,Rear reflex reflector,5,AA L4,-,X866A725KAXCL - GAZL E3,48,48,X866A725KAXCL - GAZL E3,Loose Item,TRANSFER PART,48,AA,1,0,0,175,0,265712VF1A
267172VF0A,Rear direction indicator,5,AA L4,-,X866A725KAXCL - GAZL E3,48,48,X866A725KAXCL - GAZL E3,Loose Item,TRANSFER PART,48,AA,1,0,0,176,0,267172VF0A
269512VF0A,Brkt-RR comb Lamp LH,5,AA L2,-,X866A725KAXCL - GAZL E3,24,24,X866A725KAXCL - GAZL E3,Loose Item,TRANSFER PART,24,AA,1,0,0,177,0,269512VF0A
269512VF1A,Brkt-RR comb Lamp RH,5,AD L1,-,X866A725KAXCL - GAZL E3,24,24,X866A725KAXCL - GAZL E3,Loose Item,TRANSFER PART,24,AD,1,0,0,178,0,269512VF1A
308502VF1A,TUBE ASSY-CLUTCH,5,AA L4,-,X866A725KAXCL - GAZL E3,24,24,X866A725KAXCL - GAZL E3,Loose Item,CLUTCH WITHDRAWAL GEAR ASSEMB,24,AA,1,0,0,179,0,308502VF1A
308502VF2B,TUBE ASSY-CLUTCH,5,AA L4,-,X866A725KAXCL - GAZL E3,24,24,X866A725KAXCL - GAZL E3,Loose Item,CLUTCH WITHDRAWAL GEAR ASSEMB,24,AA,1,0,0,180,0,308502VF2B
328652VE0D,KNOBSHIFT LEVER FOR PHOENIX 3.5T,5,AB-L1-A2 Box,-,X866A725KAXCL - GAZL E3,24,24,X866A725KAXCL - GAZL E3,Loose Item,CHANGE SPEED OPERATION ASSEMBLY,24,AB,1,0,0,181,0,328652VE0D
344132VF2A,CABLE ASSY TRANS CONT KINET,5,AB L4,-,X866A725KAXCL - GAZL E3,24,24,X866A725KAXCL - GAZL E3,Loose Item,CHANGE SPEED OPERATION ASSEMBLY,24,AB,1,0,0,182,0,344132VF2A
349392VE1A,Brkt Cable Mtg,5,AB-L1-A2 Box,-,X866A725KAXCL - GAZL E3,24,24,X866A725KAXCL - GAZL E3,Loose Item,MITR LHD PANEL AND FAB BUS,24,AB,1,0,0,183,0,349392VE1A
361942VE0A,PLUG,5,AB-L1-A1 Box,-,X866A725KAXCL - GAZL E3,48,48,X866A725KAXCL - GAZL E3,Loose Item,MITR LHD PANEL AND FAB BUS,48,AB,1,0,0,184,0,361942VE0A
364022VF2A,PKB -CABLE,5,AB L4,-,X866A725KAXCL - GAZL E3,24,24,X866A725KAXCL - GAZL E3,Loose Item,MITR LHD PANEL AND FAB BUS,24,AB,1,0,0,185,0,364022VF2A
364552VF2A,CLIP-CABLE,5,AB-L1-A3 Box,-,X866A725KAXCL - GAZL E3,24,24,X866A725KAXCL - GAZL E3,Loose Item,CHANGE SPEED OPERATION ASSEMBLY,24,AB,1,0,0,186,0,364552VF2A
365542VE2A,CLIP CABLE,5,AB-L1-A2 Box,-,X866A725KAXCL - GAZL E3,72,72,X866A725KAXCL - GAZL E3,Loose Item,MITR LHD PANEL AND FAB BUS,72,AB,1,0,0,187,0,365542VE2A
365542VE6A,BRKT-PKB,5,AB-L1-A3 Box,-,X866A725KAXCL - GAZL E3,24,24,X866A725KAXCL - GAZL E3,Loose Item,MITR LHD PANEL AND FAB BUS,24,AB,1,0,0,188,0,365542VE6A
365542VE7A,BRKT - PKB,5,AB-L1-A3 Box,-,X866A725KAXCL - GAZL E3,24,24,X866A725KAXCL - GAZL E3,Loose Item,MITR LHD PANEL AND FAB BUS,24,AB,1,0,0,189,0,365542VE7A
365542VF3A,BRKT-PKB,5,AB-L1-A1 Box,-,X866A725KAXCL - GAZL E3,24,24,X866A725KAXCL - GAZL E3,Loose Item,MITR LHD PANEL AND FAB BUS,24,AB,1,0,0,190,0,365542VF3A
370002VF2A,SFT ASSY PROP,5,AF,-,X866A725KAXCL - GAZL E3,24,24,X866A725KAXCL - GAZL E3,Loose Item,PROPELLER SHAFT ASSEMBLY,12,AF,2,0,0,191,0,370002VF2A
375112VF0A,"BRKT-CTR BRG,UPR",5,AD L2,-,X866A725KAXCL - GAZL E3,24,24,X866A725KAXCL - GAZL E3,Loose Item,PROPELLER SHAFT ASSEMBLY,24,AD,1,0,0,192,0,375112VF0A
402242VE0A,NUT-WHEEL,5,AB-L1-A2 Box,-,X866A725KAXCL - GAZL E3,384,384,X866A725KAXCL - GAZL E3,Loose Item,WHEEL ASSY PANEL BUS 7MMiTR G,384,AB,1,0,0,193,0,402242VE0A
441332VE0A,SPACER,5,AA L1,-,X866A725KAXCL - GAZL E3,48,48,X866A725KAXCL - GAZL E3,Loose Item,WHEEL ASSY PANEL BUS 7MMiTR G,48,AA,1,0,0,194,0,441332VE0A
462072VF0A,BRKT-BRAKE HOSE,5,AC-L1-A4 Box,-,X866A725KAXCL - GAZL E3,48,48,X866A725KAXCL - GAZL E3,Loose Item,MITR 3700WB PANEL AND FAB BUS,48,AC,1,0,0,195,0,462072VF0A
462102VE0A,HOSE ASSY-BRAKE,5,AA L4,-,X866A725KAXCL - GAZL E3,48,48,X866A725KAXCL - GAZL E3,Loose Item,MITR FAB FIRST FRONT AXLE  LH,48,AA,1,0,0,196,0,462102VE0A
462142VE0A,HOSE ASSY-BRAKE,5,AC-L1-A4 Box,-,X866A725KAXCL - GAZL E3,48,48,X866A725KAXCL - GAZL E3,Loose Item,MITR 3700WB PANEL AND FAB BUS,48,AC,1,0,0,197,0,462142VE0A
462452VE1A,"TUBE ASSY-FR BRAKE,RH",5,AA L4,-,X866A725KAXCL - GAZL E3,24,24,X866A725KAXCL - GAZL E3,Loose Item,MITR FAB FIRST FRONT AXLE  LH,24,AA,1,0,0,198,0,462452VE1A
462452VF0A,TUBE ASSY FR BRAKE RH,5,AA L4,-,X866A725KAXCL - GAZL E3,24,24,X866A725KAXCL - GAZL E3,Loose Item,MITR 3700WB PANEL AND FAB BUS,24,AA,1,0,0,199,0,462452VF0A
462462VE1A,"TUBE ASSY-FR BRAKE,LH",5,AA L4,-,X866A725KAXCL - GAZL E3,24,24,X866A725KAXCL - GAZL E3,Loose Item,MITR FAB FIRST FRONT AXLE  LH,24,AA,1,0,0,200,0,462462VE1A
462462VF0A,TUBE ASSY-FR BRAKE(LH),5,AA L4,-,X866A725KAXCL - GAZL E3,24,24,X866A725KAXCL - GAZL E3,Loose Item,MITR 3700WB PANEL AND FAB BUS,24,AA,1,0,0,201,0,462462VF0A
462502VF5A,"TUBE ASSY-BRAKE,PRI",5,AA L4,-,X866A725KAXCL - GAZL E3,24,24,X866A725KAXCL - GAZL E3,Loose Item,MITR 3700WB PANEL AND FAB BUS,24,AA,1,0,0,202,0,462502VF5A
462522VF5A,"TUBE ASSY-BRAKE,SEC",5,AA L4,-,X866A725KAXCL - GAZL E3,24,24,X866A725KAXCL - GAZL E3,Loose Item,MITR 3700WB PANEL AND FAB BUS,24,AA,1,0,0,203,0,462522VF5A
462572VE1A,SPCR-CONN BRAKE TUBE,5,AB-L1-A3 Box,-,X866A725KAXCL - GAZL E3,96,96,X866A725KAXCL - GAZL E3,Loose Item,MITR 3700WB PANEL AND FAB BUS,96,AB,1,0,0,204,0,462572VE1A
462612VF0A,BRKT-BRAKE TUBE,5,AB-L1-A3 Box,-,X866A725KAXCL - GAZL E3,24,24,X866A725KAXCL - GAZL E3,Loose Item,MITR 3700WB PANEL AND FAB BUS,24,AB,1,0,0,205,0,462612VF0A
462612VF1A,BRKT-BRAKE TUBE,5,AB-L1-A2 Box,-,X866A725KAXCL - GAZL E3,24,24,X866A725KAXCL - GAZL E3,Loose Item,MITR 3700WB PANEL AND FAB BUS,24,AB,1,0,0,206,0,462612VF1A
462672VE0E,PROTR-BRAKE TUBE PRE FILTER TO FILTER,5,AA L4,-,X866A725KAXCL - GAZL E3,24,24,X866A725KAXCL - GAZL E3,Loose Item,PANEL BUS LHD FUEL PIPING - WITH PREFILT,24,AA,1,0,0,207,0,462672VE0E
462672VF0B,PROTR-BRAKE TUBE,5,AA L4,-,X866A725KAXCL - GAZL E3,24,24,X866A725KAXCL - GAZL E3,Loose Item,PANEL BUS LHD FUEL PIPING - WITH PREFILT,24,AA,1,0,0,208,0,462672VF0B
462672VF2B,PROTR-BRAKE TUBE,5,AC L3,-,X866A725KAXCL - GAZL E3,24,24,X866A725KAXCL - GAZL E3,Loose Item,PANEL BUS LHD FUEL PIPING - WITH PREFILT,24,AC,1,0,0,209,0,462672VF2B
462672VF3B,PROTR-BRAKE TUBE,5,AA L4,-,X866A725KAXCL - GAZL E3,24,24,X866A725KAXCL - GAZL E3,Loose Item,PANEL BUS LHD FUEL PIPING - WITH PREFILT,24,AA,1,0,0,210,0,462672VF3B
462712VE0A,Exhaust brake Clips,5,AC-L1-B2 Box,-,X866A725KAXCL - GAZL E3,120,120,X866A725KAXCL - GAZL E3,Loose Item,PANEL BUS LHD FUEL PIPING - WITH PREFILT,120,AC,1,0,0,211,0,462712VE0A
462712VE1A,CLIP-TUBE,5,AC-L1-A4 Box,-,X866A725KAXCL - GAZL E3,24,24,X866A725KAXCL - GAZL E3,Loose Item,MITR 3700WB PANEL AND FAB BUS,24,AC,1,0,0,212,0,462712VE1A
462722VE0A,SPCR-TUBE,5,AB-L1-A1 Box,-,X866A725KAXCL - GAZL E3,96,96,X866A725KAXCL - GAZL E3,Loose Item,MITR 3700WB PANEL AND FAB BUS,96,AB,1,0,0,213,0,462722VE0A
462722VE2A,SPCR-TUBE,5,AC-L1-A4 Box,-,X866A725KAXCL - GAZL E3,96,96,X866A725KAXCL - GAZL E3,Loose Item,MITR 3700WB PANEL AND FAB BUS,96,AC,1,0,0,214,0,462722VE2A
462862VF6A,TUBE ASSY-FR BRAKE(RR RH),5,AA L4,-,X866A725KAXCL - GAZL E3,24,24,X866A725KAXCL - GAZL E3,Loose Item,MITR 3700WB PANEL AND FAB BUS,24,AA,1,0,0,215,0,462862VF6A
462862VF7A,TUBE ASSY-FR BRAKE(RR RH),5,AB L4,-,X866A725KAXCL - GAZL E3,24,24,X866A725KAXCL - GAZL E3,Loose Item,MITR 3700WB PANEL AND FAB BUS,24,AB,1,0,0,216,0,462862VF7A
462862VF8A,TUBE ASSY-FR BRAKE(RR RH),5,AB L4,-,X866A725KAXCL - GAZL E3,24,24,X866A725KAXCL - GAZL E3,Loose Item,MITR 3700WB PANEL AND FAB BUS,24,AB,1,0,0,217,0,462862VF8A
462862VF9A,TUBE ASSY-FR BRAKE(RR RH),5,AA L4,-,X866A725KAXCL - GAZL E3,24,24,X866A725KAXCL - GAZL E3,Loose Item,MITR 3700WB PANEL AND FAB BUS,24,AA,1,0,0,218,0,462862VF9A
462872VF0A,TUBE ASSY-FR BRAKE(RR LH),5,AA L4,-,X866A725KAXCL - GAZL E3,24,24,X866A725KAXCL - GAZL E3,Loose Item,MITR 3700WB PANEL AND FAB BUS,24,AA,1,0,0,219,0,462872VF0A
462872VF1A,TUBE ASSY-FR BRAKE(RR LH),5,AA L4,-,X866A725KAXCL - GAZL E3,24,24,X866A725KAXCL - GAZL E3,Loose Item,MITR 3700WB PANEL AND FAB BUS,24,AA,1,0,0,220,0,462872VF1A
462872VF2A,TUBE ASSY-FR BRAKE(RR LH),5,AA L4,-,X866A725KAXCL - GAZL E3,24,24,X866A725KAXCL - GAZL E3,Loose Item,MITR 3700WB PANEL AND FAB BUS,24,AA,1,0,0,221,0,462872VF2A
462872VF3A,TUBE ASSY-FR BRAKE(RR LH),5,AA L4 ,-,X866A725KAXCL - GAZL E3,24,24,X866A725KAXCL - GAZL E3,Loose Item,MITR 3700WB PANEL AND FAB BUS,24,AA,1,0,0,222,0,462872VF3A
463152VF1A,"TUBE ASSY-BRAKE,RR LH",5,AA L4 ,-,X866A725KAXCL - GAZL E3,24,24,X866A725KAXCL - GAZL E3,Loose Item,MITR 3700WB PANEL AND FAB BUS,24,AA,1,0,0,223,0,463152VF1A
463162VE0A,"TUBE ASSY-BRAKE,RR LH",5,AA L4 ,-,X866A725KAXCL - GAZL E3,24,24,X866A725KAXCL - GAZL E3,Loose Item,MITR 3700WB PANEL AND FAB BUS,24,AA,1,0,0,224,0,463162VE0A
463642VF0A,CONN-BRAKE TUBE,5,AB-L1-A3 Box,-,X866A725KAXCL - GAZL E3,24,24,X866A725KAXCL - GAZL E3,Loose Item,MITR 3700WB PANEL AND FAB BUS,24,AB,1,0,0,225,0,463642VF0A
463642VF1A,CONN-BRAKE TUBE,5,AB-L1-A2 Box,-,X866A725KAXCL - GAZL E3,24,24,X866A725KAXCL - GAZL E3,Loose Item,MITR 3700WB PANEL AND FAB BUS,24,AB,1,0,0,226,0,463642VF1A
463702VE0D,PROTR-BRAKE TUBE,5,AB L4,-,X866A725KAXCL - GAZL E3,24,24,X866A725KAXCL - GAZL E3,Loose Item,PROPELLER SHAFT ASSEMBLY,24,AB,1,0,0,227,0,463702VE0D
463702VE0E,PROTR BRAKE TUBE,5,AB L4,-,X866A725KAXCL - GAZL E3,24,24,X866A725KAXCL - GAZL E3,Loose Item,PROPELLER SHAFT ASSEMBLY,24,AB,1,0,0,228,0,463702VE0E
471112VE0A,SHELL-VAC TANK,5,AH,-,X866A725KAXCL - GAZL E3,24,24,X866A725KAXCL - GAZL E3,Loose Item,ASSY VACUUM TANK,1,AH,24,0,0,229,0,471112VE0A
472402VE0A,"SW ASSY-VAC,WARNING",5,AB-L1-A3 Box,-,X866A725KAXCL - GAZL E3,24,24,X866A725KAXCL - GAZL E3,Loose Item,ASSY VACUUM TANK,24,AB,1,0,0,230,0,472402VE0A
474112VE1A,BRKT-VAC HOSE,5,AB-L1-A3 Box,-,X866A725KAXCL - GAZL E3,72,72,X866A725KAXCL - GAZL E3,Loose Item,MITR 3700WB PANEL AND FAB BUS,72,AB,1,0,0,231,0,474112VE1A
474112VF0A,BRKT-TUBE,5,AB-L1-A3 Box,-,X866A725KAXCL - GAZL E3,24,24,X866A725KAXCL - GAZL E3,Loose Item,MITR 3700WB PANEL AND FAB BUS,24,AB,1,0,0,232,0,474112VF0A
474202VE0A,BRAKE UNIT-EXH,5,AA L3,-,X866A725KAXCL - GAZL E3,24,24,X866A725KAXCL - GAZL E3,Loose Item,MITR FABPANEL BUS EURO3  EURO,24,AA,1,0,0,233,0,474202VE0A
474242VE0A,VALVE SOL,5,AA L4,-,X866A725KAXCL - GAZL E3,24,24,X866A725KAXCL - GAZL E3,Loose Item,MITR 3700WB PANEL AND FAB BUS,24,AA,1,0,0,234,0,474242VE0A
474392VE2A,TUBE-VAC,5,AB L4,-,X866A725KAXCL - GAZL E3,24,24,X866A725KAXCL - GAZL E3,Loose Item,MITR 3700WB PANEL AND FAB BUS,24,AB,1,0,0,235,0,474392VE2A
474392VE3A,TUBE-VAC,5,AA L4,-,X866A725KAXCL - GAZL E3,24,24,X866A725KAXCL - GAZL E3,Loose Item,MITR 3700WB PANEL AND FAB BUS,24,AA,1,0,0,236,0,474392VE3A
474392VE4A,TUBE-VAC,5,AA L4,-,X866A725KAXCL - GAZL E3,24,24,X866A725KAXCL - GAZL E3,Loose Item,MITR 3700WB PANEL AND FAB BUS,24,AA,1,0,0,237,0,474392VE4A
474392VE5A,TUBE-VAC,5,AA L4,-,X866A725KAXCL - GAZL E3,24,24,X866A725KAXCL - GAZL E3,Loose Item,MITR 3700WB PANEL AND FAB BUS,24,AA,1,0,0,238,0,474392VE5A
474392VF2B,Tube Vac,5,AA L4,-,X866A725KAXCL - GAZL E3,24,24,X866A725KAXCL - GAZL E3,Loose Item,MITR 3700WB PANEL AND FAB BUS,24,AA,1,0,0,239,0,474392VF2B
474732VE2A,HOSE-VAC,5,AC-L1-A4 Box,-,X866A725KAXCL - GAZL E3,48,48,X866A725KAXCL - GAZL E3,Loose Item,MITR 3700WB PANEL AND FAB BUS,48,AC,1,0,0,240,0,474732VE2A
474732VE3A,HOSE-VAC,5,AB-L1-A3 Box,-,X866A725KAXCL - GAZL E3,24,24,X866A725KAXCL - GAZL E3,Loose Item,MITR 3700WB PANEL AND FAB BUS,24,AB,1,0,0,241,0,474732VE3A
474732VE6A,HOSE-VAC,5,AB-L1-A3 Box,-,X866A725KAXCL - GAZL E3,24,24,X866A725KAXCL - GAZL E3,Loose Item,MITR 3700WB PANEL AND FAB BUS,24,AB,1,0,0,242,0,474732VE6A
474732VF4A,HOSE-VAC,5,AC-L1-A4 Box,-,X866A725KAXCL - GAZL E3,24,24,X866A725KAXCL - GAZL E3,Loose Item,MITR 3700WB PANEL AND FAB BUS,24,AC,1,0,0,243,0,474732VF4A
476602VF0A,ACTR&ELEC CONT ASSY-ANTI SKID,5,AA L3,-,X866A725KAXCL - GAZL E3,24,24,X866A725KAXCL - GAZL E3,Loose Item,MITR 3700WB PANEL AND FAB BUS,24,AA,1,0,0,244,0,476602VF0A
478402VF0A,BRKT ASSY-ACTR,5,AA L2,-,X866A725KAXCL - GAZL E3,24,24,X866A725KAXCL - GAZL E3,Loose Item,MITR 3700WB PANEL AND FAB BUS,24,AA,1,0,0,245,0,478402VF0A
479602VF0A,BRKT-SEN,5,AB-L1-A3 Box,-,X866A725KAXCL - GAZL E3,96,96,X866A725KAXCL - GAZL E3,Loose Item,MITR 3700WB PANEL AND FAB BUS,96,AB,1,0,0,246,0,479602VF0A
479602VF1A,BRKT-SEN,5,AB-L1-A2 Box,-,X866A725KAXCL - GAZL E3,48,48,X866A725KAXCL - GAZL E3,Loose Item,MITR 3700WB PANEL AND FAB BUS,48,AB,1,0,0,247,0,479602VF1A
479602VF5A,BRKT-SEN,5,AB-L1-A1 Box,-,X866A725KAXCL - GAZL E3,48,48,X866A725KAXCL - GAZL E3,Loose Item,MITR 3700WB PANEL AND FAB BUS,48,AB,1,0,0,248,0,479602VF5A
479602VF6A,Brkt Sensor,5,AB-L1-A1 Box,-,X866A725KAXCL - GAZL E3,48,48,X866A725KAXCL - GAZL E3,Loose Item,MITR 3700WB PANEL AND FAB BUS,48,AB,1,0,0,249,0,479602VF6A
483082VF1A,BOLT SPL (M14x1.5),5,AC-L1-A4 Box,-,X866A725KAXCL - GAZL E3,48,48,X866A725KAXCL - GAZL E3,Loose Item,POWER STEERING MiTR FAB BUS C,48,AC,1,0,0,250,0,483082VF1A
483502VF0A,ADAPTER PLATE LHD,5,AA L2,-,X866A725KAXCL - GAZL E3,24,24,X866A725KAXCL - GAZL E3,Loose Item,POWER STEERING MiTR FAB BUS C,24,AA,1,0,0,251,0,483502VF0A
484002VE0A,WHEEL ASSY STRG,5,AH,-,X866A725KAXCL - GAZL E3,24,24,X866A725KAXCL - GAZL E3,Loose Item,POWER STEERING MiTR FAB BUS C,1,AH,24,0,0,252,0,484002VE0A
484202VE0A,PAD ASSY HORN,5,AH,-,X866A725KAXCL - GAZL E3,24,24,X866A725KAXCL - GAZL E3,Loose Item,POWER STEERING MiTR FAB BUS C,1,AH,24,0,0,253,0,484202VE0A
484212VE0A,PAD - HORN,5,AH,-,X866A725KAXCL - GAZL E3,24,24,X866A725KAXCL - GAZL E3,Loose Item,POWER STEERING MiTR FAB BUS C,1,AH,24,0,0,254,0,484212VE0A
484302VE0A,BODY ASSY STRG WHEEL,5,AH,-,X866A725KAXCL - GAZL E3,24,24,X866A725KAXCL - GAZL E3,Loose Item,POWER STEERING MiTR FAB BUS C,1,AH,24,0,0,255,0,484302VE0A
484672VE0A,STEERING WHEEL EMBLEM,5,AH,-,X866A725KAXCL - GAZL E3,24,24,X866A725KAXCL - GAZL E3,Loose Item,POWER STEERING MiTR FAB BUS C,1,AH,24,0,0,256,0,484672VE0A
485022VE0A,ARM-PITMAN,5,AA L2,-,X866A725KAXCL - GAZL E3,24,24,X866A725KAXCL - GAZL E3,Loose Item,POWER STEERING MiTR FAB BUS C,24,AA,1,0,0,257,0,485022VE0A
485062VE0A,NUT-GEAR ARM LOCK,5,AJ,-,X866A725KAXCL - GAZL E3,24,24,X866A725KAXCL - GAZL E3,Loose Item,POWER STEERING MiTR FAB BUS C,4,AJ,6,0,0,258,0,485062VE0A
485082VE0A,WASH-GEAR ARM LOCK,5,AJ,-,X866A725KAXCL - GAZL E3,24,24,X866A725KAXCL - GAZL E3,Loose Item,POWER STEERING MiTR FAB BUS C,4,AJ,6,0,0,259,0,485082VE0A
486802VF0C,DRAG LINK LHD,5,AD L1,-,X866A725KAXCL - GAZL E3,24,24,X866A725KAXCL - GAZL E3,Loose Item,EXPORT MITR FABPANEL BUS LHD,24,AD,1,0,0,260,0,486802VF0C
488922VF0C,RUBBER SEAL,5,AC-L1-A4 Box,-,X866A725KAXCL - GAZL E3,24,24,X866A725KAXCL - GAZL E3,Loose Item,Front End Structure Assembly,24,AC,1,0,0,261,0,488922VF0C
492002VE0B,GEAR ASSY-PS,5,AJ,-,X866A725KAXCL - GAZL E3,24,24,X866A725KAXCL - GAZL E3,Loose Item,POWER STEERING MiTR FAB BUS C,4,AJ,6,0,0,262,0,492002VE0B
497172VF0B,HOSE ASSY - SUCT PS,5,AA L4,-,X866A725KAXCL - GAZL E3,24,24,X866A725KAXCL - GAZL E3,Loose Item,POWER STEERING MiTR FAB BUS C,24,AA,1,0,0,263,0,497172VF0B
497202VF1C,PRESSURE TUBE,5,AA L4,-,X866A725KAXCL - GAZL E3,24,24,X866A725KAXCL - GAZL E3,Loose Item,POWER STEERING MiTR FAB BUS C,24,AA,1,0,0,264,0,497202VF1C
497202VF1D,HOSE AND TUBE ASSY-PRESS PS(PUMP SIDE),5,AC L3,-,X866A725KAXCL - GAZL E3,24,24,X866A725KAXCL - GAZL E3,Loose Item,POWER STEERING MiTR FAB BUS C,24,AC,1,0,0,265,0,497202VF1D
497212VF1D,HOSE & TUBE ASSY - RTN PS(RESERVIOR END),5,AC L3,-,X866A725KAXCL - GAZL E3,24,24,X866A725KAXCL - GAZL E3,Loose Item,POWER STEERING MiTR FAB BUS C,24,AC,1,0,0,266,0,497212VF1D
497212VF2B,"HOSE & TUBE ASSY-RTN,PS RESERVOIR END",5,AC L3,-,X866A725KAXCL - GAZL E3,24,24,X866A725KAXCL - GAZL E3,Loose Item,POWER STEERING MiTR FAB BUS C,24,AC,1,0,0,267,0,497212VF2B
497212VF3C,RETURN TUBE,5,AC L3,-,X866A725KAXCL - GAZL E3,24,24,X866A725KAXCL - GAZL E3,Loose Item,POWER STEERING MiTR FAB BUS C,24,AC,1,0,0,268,0,497212VF3C
497262VE0A,GSKT-CONN,5,AB-L1-A1 Box,-,X866A725KAXCL - GAZL E3,48,48,X866A725KAXCL - GAZL E3,Loose Item,POWER STEERING MiTR FAB BUS C,48,AB,1,0,0,269,0,497262VE0A
497292VF0A,CLP-PS TUBE,5,AB-L1-A1 Box,-,X866A725KAXCL - GAZL E3,24,24,X866A725KAXCL - GAZL E3,Loose Item,POWER STEERING MiTR FAB BUS C,24,AB,1,0,0,270,0,497292VF0A
497332VF0A,INSUL - TUBE PS,5,AC-L1-B2 Box,-,X866A725KAXCL - GAZL E3,48,48,X866A725KAXCL - GAZL E3,Loose Item,POWER STEERING MiTR FAB BUS C,48,AC,1,0,0,271,0,497332VF0A
497382VE0A,BOLT-EYE,5,AB-L1-A3 Box,-,X866A725KAXCL - GAZL E3,24,24,X866A725KAXCL - GAZL E3,Loose Item,POWER STEERING MiTR FAB BUS C,24,AB,1,0,0,272,0,497382VE0A
497802VE0A,BRKT ASSY - PS HOSE,5,AB-L1-A3 Box,-,X866A725KAXCL - GAZL E3,24,24,X866A725KAXCL - GAZL E3,Loose Item,POWER STEERING MiTR FAB BUS C,24,AB,1,0,0,273,0,497802VE0A
497802VE1A,BRKT ASSY-PS HOSE,5,AB-L1-A2 Box,-,X866A725KAXCL - GAZL E3,24,24,X866A725KAXCL - GAZL E3,Loose Item,POWER STEERING MiTR FAB BUS C,24,AB,1,0,0,274,0,497802VE1A
497802VF0A,BRKT ASSY - PS HOSE,5,AB-L1-A3 Box,-,X866A725KAXCL - GAZL E3,24,24,X866A725KAXCL - GAZL E3,Loose Item,POWER STEERING MiTR FAB BUS C,24,AB,1,0,0,275,0,497802VF0A
497802VF0B,BRKT  PS PUMP,5,AB-L1-A2 Box,-,X866A725KAXCL - GAZL E3,24,24,X866A725KAXCL - GAZL E3,Loose Item,POWER STEERING MiTR FAB BUS C,24,AB,1,0,0,276,0,497802VF0B
503812VF1B,BOTTOM BRKT RR SPR FR LH,5,AB L1,-,X866A725KAXCL - GAZL E3,48,48,X866A725KAXCL - GAZL E3,Loose Item,PANEL BUS  FABRICATED BUS RR,48,AB,1,0,0,277,0,503812VF1B
503822VF1B,BOTTOM BRKT - RR SPR (FR RH),5,AB L2,-,X866A725KAXCL - GAZL E3,48,48,X866A725KAXCL - GAZL E3,Loose Item,PANEL BUS  FABRICATED BUS RR,48,AB,1,0,0,278,0,503822VF1B
511102VE0B,HOOK ASSY-FR,5,AD L1,-,X866A725KAXCL - GAZL E3,24,24,X866A725KAXCL - GAZL E3,Loose Item,MITR 3700WB-LHD-CSRA - EXPORTS - TOW HOO,24,AD,1,0,0,279,0,511102VE0B
540102VE3B,SPR ASSY - FR,5,AU,-,X866A725KAXCL - GAZL E3,48,48,X866A725KAXCL - GAZL E3,Loose Item,PANEL BUS  FABRICATED BUS FR,12,AU,4,0,0,280,0,540102VE3B
540102VF3B,FRONT ANTI ROLL BAR,5,AC L2,-,X866A725KAXCL - GAZL E3,24,24,X866A725KAXCL - GAZL E3,Loose Item,PANEL BUS  FABRICATED BUS FR,24,AC,1,0,0,281,0,540102VF3B
540282VE0A,SEAT ASSY-FR SPR,5,AB-L1-A2 Box,-,X866A725KAXCL - GAZL E3,48,48,X866A725KAXCL - GAZL E3,Loose Item,PANEL BUS  FABRICATED BUS FR,48,AB,1,0,0,282,0,540282VE0A
540282VF0A,ARB MTG BRKT AT FRM END,5,AB L2,-,X866A725KAXCL - GAZL E3,48,48,X866A725KAXCL - GAZL E3,Loose Item,PANEL BUS  FABRICATED BUS FR,48,AB,1,0,0,283,0,540282VF0A
540282VF0B,STAB BRKT MTG ON AXLE,5,AB L2,-,X866A725KAXCL - GAZL E3,48,48,X866A725KAXCL - GAZL E3,Loose Item,PANEL BUS  FABRICATED BUS FR,48,AB,1,0,0,284,0,540282VF0B
540312VE0A,SHIM-CASTER,5,AD L1,-,X866A725KAXCL - GAZL E3,48,48,X866A725KAXCL - GAZL E3,Loose Item,PANEL BUS  FABRICATED BUS FR,48,AD,1,0,0,285,0,540312VE0A
540502VE3B,BMPR ASSY-BOUND FR,5,AA L2,-,X866A725KAXCL - GAZL E3,48,48,X866A725KAXCL - GAZL E3,Loose Item,PANEL BUS  FABRICATED BUS FR,48,AA,1,0,0,286,0,540502VE3B
542192VE0A,CLIP-FR SPR,5,AA L1,-,X866A725KAXCL - GAZL E3,96,96,X866A725KAXCL - GAZL E3,Loose Item,PANEL BUS  FABRICATED BUS FR,96,AA,1,0,0,287,0,542192VE0A
550202VE0E,RR ANTI ROLL BAR,5,AC L1,-,X866A725KAXCL - GAZL E3,24,24,X866A725KAXCL - GAZL E3,Loose Item,PANEL BUS  FABRICATED BUS RR,24,AC,1,0,0,288,0,550202VE0E
550202VF0E, SPR ASSY - REAR,5,AU,-,X866A725KAXCL - GAZL E3,48,48,X866A725KAXCL - GAZL E3,Loose Item,PANEL BUS  FABRICATED BUS RR,12,AU,4,0,0,289,0,550202VF0E
550802VF0A,FLANGE BOLT - SPL  M14X1.5X86 G10.9,5,AB-L1-A2 Box,-,X866A725KAXCL - GAZL E3,48,48,X866A725KAXCL - GAZL E3,Loose Item,PANEL BUS  FABRICATED BUS RR,48,AB,1,0,0,290,0,550802VF0A
552202VF0A,ARB PULL ROD ASSEMBLY AT RR,5,AD L2,-,X866A725KAXCL - GAZL E3,48,48,X866A725KAXCL - GAZL E3,Loose Item,PANEL BUS  FABRICATED BUS RR,48,AD,1,0,0,291,0,552202VF0A
552202VF0B,ARB FR LINK ROD ASSY,5,AD L2,-,X866A725KAXCL - GAZL E3,48,48,X866A725KAXCL - GAZL E3,Loose Item,PANEL BUS  FABRICATED BUS FR,48,AD,1,0,0,292,0,552202VF0B
552402VE0E,BMPR ASSY - BOUND RR,5,AA L1,-,X866A725KAXCL - GAZL E3,48,48,X866A725KAXCL - GAZL E3,Loose Item,PANEL BUS  FABRICATED BUS RR,48,AA,1,0,0,293,0,552402VE0E
552442VE1A,"PLATE-RR SPR,UPR",5,AA L2,-,X866A725KAXCL - GAZL E3,48,48,X866A725KAXCL - GAZL E3,Loose Item,PANEL BUS  FABRICATED BUS RR,48,AA,1,0,0,294,0,552442VE1A
552472VF1A,Clip RR Spr,5,AA L1,-,X866A725KAXCL - GAZL E3,96,96,X866A725KAXCL - GAZL E3,Loose Item,PANEL BUS  FABRICATED BUS RR,96,AA,1,0,0,295,0,552472VF1A
552592VF0A,FLANGE BOLT - SPL -M14x2x99 G10.9,5,AB-L1-A1 Box,-,X866A725KAXCL - GAZL E3,48,48,X866A725KAXCL - GAZL E3,Loose Item,PANEL BUS  FABRICATED BUS FR,48,AB,1,0,0,296,0,552592VF0A
552592VF0B,BOLT - SPL M12  X  1.5FP  X  130mm  LONG,5,AB L4,-,X866A725KAXCL - GAZL E3,576,576,X866A725KAXCL - GAZL E3,Loose Item,PANEL BUS  FABRICATED BUS FR,576,AB,1,0,0,297,0,552592VF0B
552602VF0A,SEAT ASSY-RR SPR LWR LH,5,AD L1,-,X866A725KAXCL - GAZL E3,24,24,X866A725KAXCL - GAZL E3,Loose Item,PANEL BUS  FABRICATED BUS RR,24,AD,1,0,0,298,0,552602VF0A
552602VF0B,SEAT ASSY-RR SPR LWR RH,5,AD L1,-,X866A725KAXCL - GAZL E3,24,24,X866A725KAXCL - GAZL E3,Loose Item,PANEL BUS  FABRICATED BUS RR,24,AD,1,0,0,299,0,552602VF0B
561002VE3B,ABS COMPL - FR SHOCK,5,AA L2,-,X866A725KAXCL - GAZL E3,48,48,X866A725KAXCL - GAZL E3,Loose Item,PANEL BUS  FABRICATED BUS FR,48,AA,1,0,0,300,0,561002VE3B
561272VE0A,"BOLT-FR SHOCK ABS,LWR",5,AB-L1-A1 Box,-,X866A725KAXCL - GAZL E3,48,48,X866A725KAXCL - GAZL E3,Loose Item,PANEL BUS  FABRICATED BUS FR,48,AB,1,0,0,301,0,561272VE0A
562002VE0E,ABS COMPL - RR SHOCK,5,AA L1,-,X866A725KAXCL - GAZL E3,48,48,X866A725KAXCL - GAZL E3,Loose Item,PANEL BUS  FABRICATED BUS RR,48,AA,1,0,0,302,0,562002VE0E
572102VE0A,CARR ASSY-SPARE WHEEL,5,AG L1,-,X866A725KAXCL - GAZL E3,24,24,X866A725KAXCL - GAZL E3,Loose Item,PANEL BUS SPARE WHEEL CARRIER,24,AG,1,0,0,303,0,572102VE0A
572122VE0A,BRKT-SPARE WHEEL CARR,5,AB L1,-,X866A725KAXCL - GAZL E3,24,24,X866A725KAXCL - GAZL E3,Loose Item,PANEL BUS SPARE WHEEL CARRIER,24,AB,1,0,0,304,0,572122VE0A
572322VE0B,PALTE-SPARE WHEEL MTG,5,AB L1,-,X866A725KAXCL - GAZL E3,48,48,X866A725KAXCL - GAZL E3,Loose Item,PANEL BUS SPARE WHEEL CARRIER,48,AB,1,0,0,305,0,572322VE0B
625652VF0C,BRKT - MTG LH HEADLAMP,5,AH,-,X866A725KAXCL - GAZL E3,24,24,X866A725KAXCL - GAZL E3,Loose Item,Front End Structure Assembly,1,AH,24,0,0,306,0,625652VF0C
625652VF0D,BRKT - MTG RH HEADLAMP,5,AH,-,X866A725KAXCL - GAZL E3,24,24,X866A725KAXCL - GAZL E3,Loose Item,Front End Structure Assembly,1,AH,24,0,0,307,0,625652VF0D
631992VE0A,Washer - SPL,5,AB-L1-A2 Box,-,X866A725KAXCL - GAZL E3,192,192,X866A725KAXCL - GAZL E3,Loose Item,PANEL BUS  FABRICATED BUS RR,192,AB,1,0,0,308,0,631992VE0A
743002VF7D,FLOOR ASSY - METAL PLATE,5,AH,-,X866A725KAXCL - GAZL E3,24,24,X866A725KAXCL - GAZL E3,Loose Item,Front End Structure Assembly,1,AH,24,0,0,309,0,743002VF7D
743002VF8B,ANTISAG BRKT RH,5,AH,-,X866A725KAXCL - GAZL E3,24,24,X866A725KAXCL - GAZL E3,Loose Item,Front End Structure Assembly,1,AH,24,0,0,310,0,743002VF8B
743002VF8C,ANTISAG BRKT LH,5,AH,-,X866A725KAXCL - GAZL E3,24,24,X866A725KAXCL - GAZL E3,Loose Item,Front End Structure Assembly,1,AH,24,0,0,311,0,743002VF8C
743K62VF2A,SPACER -BALATA,5,AB-L1-A1 Box,-,X866A725KAXCL - GAZL E3,48,48,X866A725KAXCL - GAZL E3,Loose Item,Front End Structure Assembly,48,AB,1,0,0,312,0,743K62VF2A
754772VF4A,SPACER FR -BALATA,5,AB-L1-A1 Box,-,X866A725KAXCL - GAZL E3,48,48,X866A725KAXCL - GAZL E3,Loose Item,Front End Structure Assembly,48,AB,1,0,0,313,0,754772VF4A
754772VF5A,SPACER RR-BALATA,5,AB-L1-A1 Box,-,X866A725KAXCL - GAZL E3,48,48,X866A725KAXCL - GAZL E3,Loose Item,Front End Structure Assembly,48,AB,1,0,0,314,0,754772VF5A
81-94430-1A,BOLT-HEX HD HVY M14X1.5X30 7T,5,AB-L1-A1 Box,-,X866A725KAXCL - GAZL E3,48,48,X866A725KAXCL - GAZL E3,Loose Item,Front End Structure Assembly,48,AB,1,0,0,315,0,81-94430-1A
81-94435-1A,BOLT-HEX HD HVY M14X1.5X35 7T Alt - 81-A4435-1A,5,AB-L1-A2 Box,-,X866A725KAXCL - GAZL E3,48,48,X866A725KAXCL - GAZL E3,Loose Item,Front End Structure Assembly,48,AB,1,0,0,316,0,81-94435-1A
81-A0616-2A,"BOLT- FLG, HEX M6X1.0X16 7T",5,AB-L1-A1 Box,-,X866A725KAXCL - GAZL E3,24,24,X866A725KAXCL - GAZL E3,Loose Item,PANEL BUS LHD FUEL PIPING - WITH PREFILT,24,AB,1,0,0,317,0,81-A0616-2A
81-A0850-1A,BOLT-FLANGE M8 x1.25 x50mm,5,AB-L1-A1 Box,-,X866A725KAXCL - GAZL E3,96,96,X866A725KAXCL - GAZL E3,Loose Item,MITR 3700WB PANEL AND FAB BUS,96,AB,1,0,0,318,0,81-A0850-1A
81-A4030-1A,"BOLT- FLG, HEX M10X1.25X30 7T",5,AB-L1-A2 Box,-,X866A725KAXCL - GAZL E3,912,912,X866A725KAXCL - GAZL E3,Loose Item,MITR FAB E3 3700WB AIS,912,AB,1,0,0,319,0,81-A4030-1A
81-A4040-1A,"BOLT-FLG,HEX M10X1.25X40 7T",5,AB-L1-A1 Box,-,X866A725KAXCL - GAZL E3,48,48,X866A725KAXCL - GAZL E3,Loose Item,MITR FABPANEL BUS EURO3  EURO,48,AB,1,0,0,320,0,81-A4040-1A
81-A4070-1A,"BOLT-FLG,HEX M10X1.25X70 7T",5,AB-L1-A1 Box,-,X866A725KAXCL - GAZL E3,48,48,X866A725KAXCL - GAZL E3,Loose Item,MITR FABPANEL BUS EURO3  EURO,48,AB,1,0,0,321,0,81-A4070-1A
81-A4230-1A,"BOLT- FLG, HEX M12X1.25X30 7T",5,AB-L1-A2 Box,-,X866A725KAXCL - GAZL E3,96,96,X866A725KAXCL - GAZL E3,Loose Item,PROPELLER SHAFT ASSEMBLY,96,AB,1,0,0,322,0,81-A4230-1A
81-A4240-1A,"BOLT - FLG, HEX M12X1.25X40T",5,AC-L1-A4 Box,-,X866A725KAXCL - GAZL E3,24,24,X866A725KAXCL - GAZL E3,Loose Item,MITR FABPANEL BUS EURO3  EURO,24,AC,1,0,0,323,0,81-A4240-1A
81-A6830-1A,"BOLT-FLG,HEX M8X1.25X30 7T",5,AB-L1-A1 Box,-,X866A725KAXCL - GAZL E3,24,24,X866A725KAXCL - GAZL E3,Loose Item,TRANSFER PART,24,AB,1,0,0,324,0,81-A6830-1A
868442VE0A,"BELT ASSY-TONGUE,FR",5,AA L3,-,X866A725KAXCL - GAZL E3,24,24,X866A725KAXCL - GAZL E3,Loose Item,Front End Structure Assembly,24,AA,1,0,0,325,0,868442VE0A
89-11105-2A,NUT HEX M5x0.8 7N,5,AB-L1-A2 Box,-,X866A725KAXCL - GAZL E3,96,96,X866A725KAXCL - GAZL E3,Loose Item,KIT PART FOR FABRICATED BUS E,96,AB,1,0,0,326,0,89-11105-2A
89-11246-1A,NUT- HEX M16x1.5 9N,5,AB-L1-A1 Box,-,X866A725KAXCL - GAZL E3,192,192,X866A725KAXCL - GAZL E3,Loose Item,PANEL BUS  FABRICATED BUS FR,192,AB,1,0,0,327,0,89-11246-1A
89-12844-1A,"NUT-SLOCK,HEX TYPE S M14X1.5 9N",5,AB-L1-A1 Box,-,X866A725KAXCL - GAZL E3,144,144,X866A725KAXCL - GAZL E3,Loose Item,PANEL BUS  FABRICATED BUS FR,144,AB,1,0,0,328,0,89-12844-1A
89-15246-1A,WASHER-LOCK SPRING M16 X 4.8t,5,AB-L1-A1 Box,-,X866A725KAXCL - GAZL E3,192,192,X866A725KAXCL - GAZL E3,Loose Item,PANEL BUS  FABRICATED BUS FR,192,AB,1,0,0,329,0,89-15246-1A
89-18306-1,"NUT-FLG,HEX M6X1 9N",5,AC-L1-A4 Box,-,X866A725KAXCL - GAZL E3,24,24,X866A725KAXCL - GAZL E3,Loose Item,MITR LHD PANEL AND FAB BUS,24,AC,1,0,0,330,0,89-18306-1
89-18344-1A,"NUT-FLG,HEX M14X1.5 9N",5,AB-L1-A1 Box,-,X866A725KAXCL - GAZL E3,240,240,X866A725KAXCL - GAZL E3,Loose Item,Front End Structure Assembly,240,AB,1,0,0,331,0,89-18344-1A
971662VE0A,CLIP SPL,5,AB-L1-A1 Box,-,X866A725KAXCL - GAZL E3,24,24,X866A725KAXCL - GAZL E3,Loose Item,POWER STEERING MiTR FAB BUS C,24,AB,1,0,0,332,0,971662VE0A
990642VE0A,LABEL-CAR NAME,5,AA L4,-,X866A725KAXCL - GAZL E3,48,48,X866A725KAXCL - GAZL E3,Loose Item,Badges Assembly For MITR Fabr,48,AA,1,0,0,333,0,990642VE0A
990642VE1A,LABEL-CAR NAME,5,AB-L1-A1 Box,-,X866A725KAXCL - GAZL E3,24,24,X866A725KAXCL - GAZL E3,Loose Item,Badges Assembly For MITR Fabr,24,AB,1,0,0,334,0,990642VE1A
990812VE0B,LABEL- SYMBOL MARK,5,AB-L1-A3 Box,-,X866A725KAXCL - GAZL E3,24,24,X866A725KAXCL - GAZL E3,Loose Item,Badges Assembly For MITR Fabr,24,AB,1,0,0,335,0,990812VE0B
990812VF0B,EMBLEM-FR L LOGO,5,AC-L1-A4 Box,-,X866A725KAXCL - GAZL E3,48,48,X866A725KAXCL - GAZL E3,Loose Item,Badges Assembly For MITR Fabr,48,AC,1,0,0,336,0,990812VF0B
990882VE0B,LABEL SIDE LX,5,AB-L1-A1 Box,-,X866A725KAXCL - GAZL E3,24,24,X866A725KAXCL - GAZL E3,Loose Item,Badges Assembly For MITR Fabr,24,AB,1,0,0,337,0,990882VE0B
990902VF1A,TIRE - PLACARD,5,AC-L1-A4 Box,-,X866A725KAXCL - GAZL E3,24,24,X866A725KAXCL - GAZL E3,Loose Item,WHEEL ASSY PANEL BUS 7MMiTR G,24,AC,1,0,0,338,0,990902VF1A
995002VE0C,TOOL KIT,5,AA L3,-,X866A725KAXCL - GAZL E3,24,24,X866A725KAXCL - GAZL E3,Loose Item,PANEL BUS LHD 3700WB (3TON MECHANICAL) T,24,AA,1,0,0,339,0,995002VE0C
995512VE0A,JACK ASSY-MECH,5,AA L3,-,X866A725KAXCL - GAZL E3,24,24,X866A725KAXCL - GAZL E3,Loose Item,PANEL BUS LHD 3700WB (3TON MECHANICAL) T,24,AA,1,0,0,340,0,995512VE0A
995522VE0A,ROD-JACK,5,AA L3,-,X866A725KAXCL - GAZL E3,24,24,X866A725KAXCL - GAZL E3,Loose Item,PANEL BUS LHD 3700WB (3TON MECHANICAL) T,24,AA,1,0,0,341,0,995522VE0A
995952VE0A,STOPPER-TIRE,5,AI,-,X866A725KAXCL - GAZL E3,48,48,X866A725KAXCL - GAZL E3,Loose Item,PANEL BUS LHD 3700WB (3TON MECHANICAL) T,8,AI,6,0,0,342,0,995952VE0A
B4536304,S/A TAIL PIPE BRKT.,5,AC L1,-,X866A725KAXCL - GAZL E3,72,72,X866A725KAXCL - GAZL E3,Loose Item,MITR FABPANEL BUS EURO3  EURO,72,AC,1,0,0,343,0,B4536304
F0130150,RUBBER ELEMENT WEV-3,5,AD L3,-,X866A725KAXCL - GAZL E3,384,384,X866A725KAXCL - GAZL E3,Loose Item,PANEL BUS  FABRICATED BUS FR,384,AD,1,0,0,344,0,F0130150
F0502950,RUBBER BUSH  REAR STABILISER,5,AB L4,-,X866A725KAXCL - GAZL E3,48,48,X866A725KAXCL - GAZL E3,Loose Item,PANEL BUS  FABRICATED BUS RR,48,AB,1,0,0,345,0,F0502950
F0505600,AXLE BRKT RUBBER BUSH ,5,AB L4,-,X866A725KAXCL - GAZL E3,48,48,X866A725KAXCL - GAZL E3,Loose Item,PANEL BUS  FABRICATED BUS FR,48,AB,1,0,0,346,0,F0505600
F0532950,RUBBER BUSH,5,AB-L1-A3 Box,-,X866A725KAXCL - GAZL E3,72,72,X866A725KAXCL - GAZL E3,Loose Item,MITR FABPANEL BUS EURO3  EURO,72,AB,1,0,0,347,0,F0532950
F0800212,CLAMP,5,AD L2,-,X866A725KAXCL - GAZL E3,48,48,X866A725KAXCL - GAZL E3,Loose Item,PANEL BUS  FABRICATED BUS FR,48,AD,1,0,0,348,0,F0800212
F0839010,PIPE CLAMP,5,AB L4,-,X866A725KAXCL - GAZL E3,96,96,X866A725KAXCL - GAZL E3,Loose Item,MITR FABPANEL BUS EURO3  EURO,96,AB,1,0,0,349,0,F0839010
F1229214,DISTANCE RING,5,AB-L1-A2 Box,-,X866A725KAXCL - GAZL E3,96,96,X866A725KAXCL - GAZL E3,Loose Item,PANEL BUS  FABRICATED BUS FR,96,AB,1,0,0,350,0,F1229214
F3046410,PLATE TAIL PIPE SUPPORT,5,AB-L1-A1 Box,-,X866A725KAXCL - GAZL E3,24,24,X866A725KAXCL - GAZL E3,Loose Item,MITR FABPANEL BUS EURO3  EURO,24,AB,1,0,0,351,0,F3046410
F3507511,Special Nut Nyloc M12 X 1.5,5,AC-L1-A4 Box,-,X866A725KAXCL - GAZL E3,576,576,X866A725KAXCL - GAZL E3,Loose Item,PANEL BUS  FABRICATED BUS FR,576,AC,1,0,0,352,0,F3507511
F3521611,Special Flanged Bolt Hex M1,5,AB-L1-A3 Box,-,X866A725KAXCL - GAZL E3,96,96,X866A725KAXCL - GAZL E3,Loose Item,PANEL BUS  FABRICATED BUS FR,96,AB,1,0,0,353,0,F3521611
F3521711,Special Flanged Bolt Hex M1,5,AC-L1-A4 Box,-,X866A725KAXCL - GAZL E3,96,96,X866A725KAXCL - GAZL E3,Loose Item,PANEL BUS  FABRICATED BUS FR,96,AC,1,0,0,354,0,F3521711
F3552011,M12 NUT,5,AB-L1-A2 Box,-,X866A725KAXCL - GAZL E3,192,192,X866A725KAXCL - GAZL E3,Loose Item,PANEL BUS  FABRICATED BUS FR,192,AB,1,0,0,355,0,F3552011
F3562810,Special Nut Cleveloc M14 X,5,AC-L1-A4 Box,-,X866A725KAXCL - GAZL E3,48,48,X866A725KAXCL - GAZL E3,Loose Item,PANEL BUS  FABRICATED BUS FR,48,AC,1,0,0,356,0,F3562810
F4956910,Special Washer MM Plain 15mm ID X 25,5,AC-L1-A4 Box,-,X866A725KAXCL - GAZL E3,48,48,X866A725KAXCL - GAZL E3,Loose Item,POWER STEERING MiTR FAB BUS C,48,AC,1,0,0,357,0,F4956910
F7116222,SPG BKT BOTTOM 3WEV,5,AG L1,-,X866A725KAXCL - GAZL E3,96,96,X866A725KAXCL - GAZL E3,Loose Item,PANEL BUS  FABRICATED BUS FR,96,AG,1,0,0,358,0,F7116222
F7E04611,FLANGED BOLT  HEX 10 X 1.5 CP,5,AB-L1-A1 Box,-,X866A725KAXCL - GAZL E3,288,288,X866A725KAXCL - GAZL E3,Loose Item,PANEL BUS  FABRICATED BUS RR,288,AB,1,0,0,359,0,F7E04611
F8995214,Bracket  Rear Suspension Unit,5,AD L1,-,X866A725KAXCL - GAZL E3,48,48,X866A725KAXCL - GAZL E3,Loose Item,PANEL BUS  FABRICATED BUS RR,48,AD,1,0,0,360,0,F8995214
FG300758,FERRULERUBBER PACKING RUBBER,5,AC-L1-A4 Box,-,X866A725KAXCL - GAZL E3,48,48,X866A725KAXCL - GAZL E3,Loose Item,POWER STEERING MiTR FAB BUS C,48,AC,1,0,0,361,0,FG300758
FJ107200,SWITCH - GAUGE ISOLATOR,5,AD L3,-,X866A725KAXCL - GAZL E3,24,24,X866A725KAXCL - GAZL E3,Loose Item,TRANSFER PART,24,AD,1,0,0,362,0,FJ107200
FME00513,Clip Fuel pipes,5,AC-L1-B1 Box,-,X866A725KAXCL - GAZL E3,48,48,X866A725KAXCL - GAZL E3,Loose Item,FUEL TANK ASSEMBLY,48,AC,1,0,0,363,0,FME00513
FW300700,24V 5A DRIVER COMPARTMENT LAMP SWITCH,5,AB-L1-A1 Box,-,X866A725KAXCL - GAZL E3,24,24,X866A725KAXCL - GAZL E3,Loose Item,KIT PART FOR FABRICATED BUS E,24,AB,1,0,0,364,0,FW300700
FW300800,22 X 44 CUT OUT 24V 5A INTERI,5,AB-L1-A1 Box,-,X866A725KAXCL - GAZL E3,24,24,X866A725KAXCL - GAZL E3,Loose Item,KIT PART FOR FABRICATED BUS E,24,AB,1,0,0,365,0,FW300800
FW301500,22 X 44 CUT OUT 24V 5A FRONT,5,AB-L1-A1 Box,-,X866A725KAXCL - GAZL E3,24,24,X866A725KAXCL - GAZL E3,Loose Item,KIT PART FOR FABRICATED BUS E,24,AB,1,0,0,366,0,FW301500
FW301600, 2 X 44 CUT OUT 24V 5A REAR F,5,AC-L1-A4 Box,-,X866A725KAXCL - GAZL E3,24,24,X866A725KAXCL - GAZL E3,Loose Item,KIT PART FOR FABRICATED BUS E,24,AC,1,0,0,367,0,FW301600
FW302400,22 X 44 CUT OUT 24V 5A ENGINE,5,AC-L1-A4 Box,-,X866A725KAXCL - GAZL E3,24,24,X866A725KAXCL - GAZL E3,Loose Item,KIT PART FOR FABRICATED BUS E,24,AC,1,0,0,368,0,FW302400
FYJ03511,SPL FLANGE BOLT M14X1.5FPX100-GR 10.9,5,AC-L1-A4 Box,-,X866A725KAXCL - GAZL E3,48,48,X866A725KAXCL - GAZL E3,Loose Item,POWER STEERING MiTR FAB BUS C,48,AC,1,0,0,369,0,FYJ03511
L1021621,BOLT,5,AB-L1-A1 Box,-,X866A725KAXCL - GAZL E3,48,48,X866A725KAXCL - GAZL E3,Loose Item,PANEL BUS  FABRICATED BUS RR,48,AB,1,0,0,370,0,L1021621
L1021622,Standard Bolt Hex M16 X 1.5FP,5,AB-L1-A1 Box,-,X866A725KAXCL - GAZL E3,48,48,X866A725KAXCL - GAZL E3,Loose Item,PANEL BUS  FABRICATED BUS FR,48,AB,1,0,0,371,0,L1021622
L2011025,SCREW M10 X 25 X 1.5 CP PLATE,5,AC-L1-A4 Box,-,X866A725KAXCL - GAZL E3,192,192,X866A725KAXCL - GAZL E3,Loose Item,PANEL BUS  FABRICATED BUS RR,192,AC,1,0,0,372,0,L2011025
L3021618,Standard Nut Hex M16 X 1.,5,AB-L1-A1 Box,-,X866A725KAXCL - GAZL E3,48,48,X866A725KAXCL - GAZL E3,Loose Item,PANEL BUS  FABRICATED BUS RR,48,AB,1,0,0,373,0,L3021618
L3621618,Standard Nut Nyloc M16 X 1.5 FP X,5,AC-L1-A4 Box,-,X866A725KAXCL - GAZL E3,48,48,X866A725KAXCL - GAZL E3,Loose Item,PANEL BUS  FABRICATED BUS FR,48,AC,1,0,0,374,0,L3621618
L4011200,Standard Washer Plain M12,5,AC-L1-A4 Box,-,X866A725KAXCL - GAZL E3,576,576,X866A725KAXCL - GAZL E3,Loose Item,PANEL BUS  FABRICATED BUS FR,576,AC,1,0,0,375,0,L4011200
L4111600,Standard Washer Single Coil,5,AB-L1-A2 Box,-,X866A725KAXCL - GAZL E3,48,48,X866A725KAXCL - GAZL E3,Loose Item,PANEL BUS  FABRICATED BUS RR,48,AB,1,0,0,376,0,L4111600
X3501311,FLANGE BOLT   HEX M12 X 1.75,5,AB-L1-A1 Box,-,X866A725KAXCL - GAZL E3,96,96,X866A725KAXCL - GAZL E3,Loose Item,PANEL BUS  FABRICATED BUS FR,96,AB,1,0,0,377,0,X3501311
X3922400,TYRE PRESSURE GAUGE,5,AB-L1-A1 Box,-,X866A725KAXCL - GAZL E3,24,24,X866A725KAXCL - GAZL E3,Loose Item,PANEL BUS LHD 3700WB (3TON MECHANICAL) T,24,AB,1,0,0,378,0,X3922400
X5A00100,WARNING TRIANGLE .,5,AB L4,-,X866A725KAXCL - GAZL E3,24,24,X866A725KAXCL - GAZL E3,Loose Item,PANEL BUS LHD 3700WB (3TON MECHANICAL) T,24,AB,1,0,0,379,0,X5A00100
X8607515,TUBE,5,AC-L1-A4 Box,-,X866A725KAXCL - GAZL E3,48,48,X866A725KAXCL - GAZL E3,Loose Item,PANEL BUS  FABRICATED BUS RR,48,AC,1,0,0,380,0,X8607515
XEC00300,CONNECTORHYDRAULIC PIPE 4 WAY,5,AB-L1-A2 Box,-,X866A725KAXCL - GAZL E3,72,72,X866A725KAXCL - GAZL E3,Loose Item,MITR 3700WB PANEL AND FAB BUS,72,AB,1,0,0,381,0,XEC00300
XEC00500,CONNECTORHYDRAULIC PIPE 2 WAY,5,AB-L1-A2 Box,-,X866A725KAXCL - GAZL E3,24,24,X866A725KAXCL - GAZL E3,Loose Item,CLUTCH WITHDRAWAL GEAR ASSEMB,24,AB,1,0,0,382,0,XEC00500
11-2508304,BOLT-FLG,5,AC-L1-B1 Box,-,X866A725KAXCL - GAZL E3,96,96,X866A725KAXCL - GAZL E3,Bulk,CLS COMPL W RING FAN MITR LHD,96,AC,1,0,0,6,0,11-2508304
11-2568204,BOLT-FLG,5,AC-L1-B1 Box,-,X866A725KAXCL - GAZL E3,216,216,X866A725KAXCL - GAZL E3,Bulk,CLS COMPL W RING FAN MITR LHD,216,AC,1,0,0,7,0,11-2568204
112582VA0A,NUT - BRKT TO T/M,5,AC-L1-B1 Box,-,X866A725KAXCL - GAZL E3,48,48,X866A725KAXCL - GAZL E3,Bulk,MITR 3700WB-LHD-CSRA - EXPORTS - TOW HOO,48,AC,1,0,0,8,0,112582VA0A
112982VE0A,BOLT-SPL,5,AC-L1-B2 Box,-,X866A725KAXCL - GAZL E3,96,96,X866A725KAXCL - GAZL E3,Bulk,MITR FABPANEL  ENGINE MTG ASS,96,AC,1,0,0,9,0,112982VE0A
12-2500331,"NUT-HEX,FLG",5,AC-L1-B1 Box,-,X866A725KAXCL - GAZL E3,384,384,X866A725KAXCL - GAZL E3,Bulk,CLS COMPL W RING FAN MITR LHD,384,AC,1,0,0,10,0,12-2500331
12-2501014,NUT-FLG,5,AC-L1-B1 Box,-,X866A725KAXCL - GAZL E3,288,288,X866A725KAXCL - GAZL E3,Bulk,PANEL BUS  FABRICATED BUS FR,288,AC,1,0,0,11,0,12-2501014
13-1100474,WASHER,5,AC-L1-B1 Box,-,X866A725KAXCL - GAZL E3,48,48,X866A725KAXCL - GAZL E3,Bulk,CLS COMPL W RING FAN MITR LHD,48,AC,1,0,0,12,0,13-1100474
144642VE0B,"CLP-HOSE,TURBO",5,AC-L1-B1 Box,-,X866A725KAXCL - GAZL E3,24,24,X866A725KAXCL - GAZL E3,Bulk,CLS COMPL W RING FAN MITR LHD,24,AC,1,0,0,13,0,144642VE0B
15-3200022,PIN-SNAP,5,AC-L1-B1 Box,-,X866A725KAXCL - GAZL E3,96,96,X866A725KAXCL - GAZL E3,Bulk,FUEL TANK ASSEMBLY,96,AC,1,0,0,14,0,15-3200022
15-52004-81,CLIP,5,AC-L1-B1 Box,-,X866A725KAXCL - GAZL E3,48,48,X866A725KAXCL - GAZL E3,Bulk,TRANSFER PART,48,AC,1,0,0,15,0,15-52004-81
15-5800421,CLIP-RETURN HOSE,5,AC-L1-B2 Box,-,X866A725KAXCL - GAZL E3,48,48,X866A725KAXCL - GAZL E3,Bulk,PANEL BUS LHD FUEL PIPING - WITH PREFILT,48,AC,1,0,0,16,0,15-5800421
164392VE1A,CLP HOSE,5,AC-L1-B1 Box,-,X866A725KAXCL - GAZL E3,384,384,X866A725KAXCL - GAZL E3,Bulk,MITR 3700WB PANEL AND FAB BUS,384,AC,1,0,0,17,0,164392VE1A
206022VE0A,"NUT-FIX,TUBE HEAD",5,AC-L1-B1 Box,-,X866A725KAXCL - GAZL E3,72,72,X866A725KAXCL - GAZL E3,Bulk,MITR FABPANEL BUS EURO3  EURO,72,AC,1,0,0,18,0,206022VE0A
351833901P,"WASHER-SPECIAL,OTR",5,AC-L1-B1 Box,-,X866A725KAXCL - GAZL E3,144,144,X866A725KAXCL - GAZL E3,Bulk,PANEL BUS  FABRICATED BUS FR,144,AC,1,0,0,19,0,351833901P
351833902P,"WASHER-SPECIAL,INR",5,AC-L1-B1 Box,-,X866A725KAXCL - GAZL E3,144,144,X866A725KAXCL - GAZL E3,Bulk,PANEL BUS  FABRICATED BUS FR,144,AC,1,0,0,20,0,351833902P
364062VE0A,PLATE CABLE LOCK,5,AC-L1-B1 Box,-,X866A725KAXCL - GAZL E3,96,96,X866A725KAXCL - GAZL E3,Bulk,CHANGE SPEED OPERATION ASSEMBLY,96,AC,1,0,0,21,0,364062VE0A
396072VF0A,M4 * 0.7-6H Hex Nut,5,AC-L1-B1 Box,-,X866A725KAXCL - GAZL E3,384,384,X866A725KAXCL - GAZL E3,Bulk,TRANSFER PART,384,AC,1,0,0,22,0,396072VF0A
462062VA0A,"SPR-LOCK,BRAKE HOSE",5,AC-L1-B1 Box,-,X866A725KAXCL - GAZL E3,168,168,X866A725KAXCL - GAZL E3,Bulk,MITR 3700WB PANEL AND FAB BUS,168,AC,1,0,0,23,0,462062VA0A
462372VA0A,GSKT BRAKE HOSE,5,AC-L1-B1 Box,-,X866A725KAXCL - GAZL E3,96,96,X866A725KAXCL - GAZL E3,Bulk,MITR 3700WB PANEL AND FAB BUS,96,AC,1,0,0,24,0,462372VA0A
462712VA3A,CLIP TUBE,5,AC-L1-B1 Box,-,X866A725KAXCL - GAZL E3,72,72,X866A725KAXCL - GAZL E3,Bulk,MITR 3700WB PANEL AND FAB BUS,72,AC,1,0,0,25,0,462712VA3A
462722VA1A,SPACER TUBE,5,AC-L1-B2 Box,-,X866A725KAXCL - GAZL E3,48,48,X866A725KAXCL - GAZL E3,Bulk,MITR 3700WB PANEL AND FAB BUS,48,AC,1,0,0,26,0,462722VA1A
462722VE6A,SPCR TUBE,5,AC-L1-B1 Box,-,X866A725KAXCL - GAZL E3,72,72,X866A725KAXCL - GAZL E3,Bulk,MITR 3700WB PANEL AND FAB BUS,72,AC,1,0,0,27,0,462722VE6A
463562VA0A,Bolt eye,5,AC-L1-B2 Box,-,X866A725KAXCL - GAZL E3,48,48,X866A725KAXCL - GAZL E3,Bulk,MITR 3700WB PANEL AND FAB BUS,48,AC,1,0,0,28,0,463562VA0A
474732VE5A,HOSE-VAC,5,AC-L1-B2 Box,-,X866A725KAXCL - GAZL E3,24,24,X866A725KAXCL - GAZL E3,Bulk,MITR 3700WB PANEL AND FAB BUS,24,AC,1,0,0,29,0,474732VE5A
474732VE7A,HOSE-VAC,5,AC-L1-B1 Box,-,X866A725KAXCL - GAZL E3,24,24,X866A725KAXCL - GAZL E3,Bulk,MITR 3700WB PANEL AND FAB BUS,24,AC,1,0,0,30,0,474732VE7A
474732VE8A,HOSE-VAC,5,AC-L1-B2 Box,-,X866A725KAXCL - GAZL E3,24,24,X866A725KAXCL - GAZL E3,Bulk,MITR 3700WB PANEL AND FAB BUS,24,AC,1,0,0,31,0,474732VE8A
497292VA1A,STAY,5,AC-L1-B2 Box,-,X866A725KAXCL - GAZL E3,24,24,X866A725KAXCL - GAZL E3,Bulk,MITR 3700WB PANEL AND FAB BUS,24,AC,1,0,0,32,0,497292VA1A
552592VE0A,BOLT SPL,5,AC-L1-B1 Box,-,X866A725KAXCL - GAZL E3,288,288,X866A725KAXCL - GAZL E3,Bulk,PANEL BUS  FABRICATED BUS FR,288,AC,1,0,0,33,0,552592VE0A
74655G3100,WASH-CAB BODY MTG,5,AC-L1-B1 Box,-,X866A725KAXCL - GAZL E3,120,120,X866A725KAXCL - GAZL E3,Bulk,MITR FABPANEL BUS EURO3  EURO,120,AC,1,0,0,34,0,74655G3100
80-44280-1A,BOLT- HEX HVY TYP 2  M12X1.25X80 9T,5,AC-L1-B1 Box,-,X866A725KAXCL - GAZL E3,96,96,X866A725KAXCL - GAZL E3,Bulk,MITR FABPANEL BUS EURO3  EURO,96,AC,1,0,0,35,0,80-44280-1A
809192VF0A,SCREW M4 X 0.7,5,AC-L1-B1 Box,-,X866A725KAXCL - GAZL E3,480,480,X866A725KAXCL - GAZL E3,Bulk,FABRICATED BUS 3700 WB E3  E4,480,AC,1,0,0,36,0,809192VF0A
81-24204-1A,BOLT-HEX HD M12X1.25X120 7T,5,AC-L1-B1 Box,-,X866A725KAXCL - GAZL E3,24,24,X866A725KAXCL - GAZL E3,Bulk,MITR FABPANEL  ENGINE MTG ASS,24,AC,1,0,0,37,0,81-24204-1A
81-A0612-1A,"BOLT- FLG, HEX M6X1.0X12 7T",5,AC-L1-B1 Box,-,X866A725KAXCL - GAZL E3,48,48,X866A725KAXCL - GAZL E3,Bulk,CHANGE SPEED OPERATION ASSEMBLY,48,AC,1,0,0,38,0,81-A0612-1A
81-A0616-1A,"BOLT- FLG, HEX M6X1.0X16 7T",5,AC-L1-B1 Box,-,X866A725KAXCL - GAZL E3,360,360,X866A725KAXCL - GAZL E3,Bulk,MITR 3700WB PANEL AND FAB BUS,360,AC,1,0,0,39,0,81-A0616-1A
81-A0812-1A,"BOLT-FLG,HEX M8X1.25X12 7T",5,AC-L1-B1 Box,-,X866A725KAXCL - GAZL E3,48,48,X866A725KAXCL - GAZL E3,Bulk,MITR 3700WB PANEL AND FAB BUS,48,AC,1,0,0,40,0,81-A0812-1A
81-A0820-1A,"BOLT- FLG, HEX M8X1.25X20 7T",5,AC-L1-B1 Box,-,X866A725KAXCL - GAZL E3,360,360,X866A725KAXCL - GAZL E3,Bulk,MITR 3700WB PANEL AND FAB BUS,360,AC,1,0,0,41,0,81-A0820-1A
81-A0825-1A,"BOLT- FLG, HEX M8X1.25X25 7T",5,AC-L1-B1 Box,-,X866A725KAXCL - GAZL E3,576,576,X866A725KAXCL - GAZL E3,Bulk,MITR FAB E3 3700WB AIS,576,AC,1,0,0,42,0,81-A0825-1A
81-A0830-1A,BOLTFLGHEX M8X1.25X30 7T,5,AC-L1-B1 Box,-,X866A725KAXCL - GAZL E3,24,24,X866A725KAXCL - GAZL E3,Bulk,MITR BATTERY TRAY -LHD AC,24,AC,1,0,0,43,0,81-A0830-1A
81-A0835-1A,"BOLT-FLG,HEX M8X1.25X35 7T",5,AC-L1-B2 Box,-,X866A725KAXCL - GAZL E3,120,120,X866A725KAXCL - GAZL E3,Bulk,MITR FAB E3 3700WB AIS,120,AC,1,0,0,44,0,81-A0835-1A
81-A4020-1A,"BOLT- FLG, HEX M10X1.25X20 7T",5,AC-L1-B1 Box,-,X866A725KAXCL - GAZL E3,48,48,X866A725KAXCL - GAZL E3,Bulk,MITR 3700WB PANEL AND FAB BUS,48,AC,1,0,0,45,0,81-A4020-1A
81-A4025-1A,"Bolt-FLG,Hex M10*1.25*25 7T",5,AC-L1-B1 Box,-,X866A725KAXCL - GAZL E3,384,384,X866A725KAXCL - GAZL E3,Bulk,MITR FAB E3 3700WB AIS,384,AC,1,0,0,46,0,81-A4025-1A
81-B0830-1A,"BOLT-FLG,HEX M8X1.25X30 9T",5,AC-L1-B1 Box,-,X866A725KAXCL - GAZL E3,48,48,X866A725KAXCL - GAZL E3,Bulk,MITR FABPANEL BUS EURO3  EURO,48,AC,1,0,0,47,0,81-B0830-1A
81-B0870-1A,"BOLT- FLG, HEX M8X1.25X70 9T",5,AC-L1-B1 Box,-,X866A725KAXCL - GAZL E3,96,96,X866A725KAXCL - GAZL E3,Bulk,MITR FABPANEL BUS EURO3  EURO,96,AC,1,0,0,48,0,81-B0870-1A
81-B4025-1A,"BOLT-FLG,HEX M10X1.25X25 9T",5,AC-L1-B1 Box,-,X866A725KAXCL - GAZL E3,96,96,X866A725KAXCL - GAZL E3,Bulk,MITR FABPANEL  ENGINE MTG ASS,96,AC,1,0,0,49,0,81-B4025-1A
81-B4035-1A,BOLT - FLG M10 X 1.25 X 35,5,AC-L1-B1 Box,-,X866A725KAXCL - GAZL E3,432,432,X866A725KAXCL - GAZL E3,Bulk,PANEL BUS SPARE WHEEL CARRIER,432,AC,1,0,0,50,0,81-B4035-1A
878442VE0A,COVER-BELT ANCH,5,AC-L1-B2 Box,-,X866A725KAXCL - GAZL E3,48,48,X866A725KAXCL - GAZL E3,Bulk,Front End Structure Assembly,48,AC,1,0,0,51,0,878442VE0A
89-11105-1,NUT HEX M5x0.8 7N,5,AC-L1-B1 Box,-,X866A725KAXCL - GAZL E3,192,192,X866A725KAXCL - GAZL E3,Bulk,FABRICATED BUS 3700 WB E3  E4,192,AC,1,0,0,52,0,89-11105-1
89-11106-1,NUT- HEX M6x1 7N,5,AC-L1-B1 Box,-,X866A725KAXCL - GAZL E3,144,144,X866A725KAXCL - GAZL E3,Bulk,FUEL TANK ASSEMBLY,144,AC,1,0,0,53,0,89-11106-1
89-11108-1A,NUT- HEX M8x1.25 7N,5,AC-L1-B1 Box,-,X866A725KAXCL - GAZL E3,48,48,X866A725KAXCL - GAZL E3,Bulk,FUEL TANK ASSEMBLY,48,AC,1,0,0,54,0,89-11108-1A
89-11308-1A,"NUT- HEX,JAM M8X1.25 4N",5,AC-L1-B1 Box,-,X866A725KAXCL - GAZL E3,48,48,X866A725KAXCL - GAZL E3,Bulk,FUEL TANK ASSEMBLY,48,AC,1,0,0,55,0,89-11308-1A
89-11344-1A,"NUT- HEX,JAM M14X1.5 4N",5,AC-L1-B1 Box,-,X866A725KAXCL - GAZL E3,24,24,X866A725KAXCL - GAZL E3,Bulk,POWER STEERING MiTR FAB BUS C,24,AC,1,0,0,56,0,89-11344-1A
89-12410-1A,"NUT-SLOCK,HEX TYPE N M10X1.5 9",5,AC-L1-B1 Box,-,X866A725KAXCL - GAZL E3,72,72,X866A725KAXCL - GAZL E3,Bulk,MITR FABPANEL BUS EURO3  EURO,72,AC,1,0,0,57,0,89-12410-1A
89-12440-1A,"NUT-SLOCK,HEX TYPE N M10X1.25 9N",5,AC-L1-B1 Box,-,X866A725KAXCL - GAZL E3,48,48,X866A725KAXCL - GAZL E3,Bulk,MITR FABPANEL BUS EURO3  EURO,48,AC,1,0,0,58,0,89-12440-1A
89-15135-1,WASHERLOCK SPR M5 X1.3t,5,AC-L1-B1 Box,-,X866A725KAXCL - GAZL E3,216,216,X866A725KAXCL - GAZL E3,Bulk,FABRICATED BUS 3700 WB E3  E4,216,AC,1,0,0,59,0,89-15135-1
89-15136-1,WASHER-LOCK SPR M6 X1.5t,5,AC-L1-B1 Box,-,X866A725KAXCL - GAZL E3,144,144,X866A725KAXCL - GAZL E3,Bulk,FUEL TANK ASSEMBLY,144,AC,1,0,0,60,0,89-15136-1
89-15138-1A,WASHER-LOCK SPR M8 X 2.0t,5,AC-L1-B1 Box,-,X866A725KAXCL - GAZL E3,48,48,X866A725KAXCL - GAZL E3,Bulk,FUEL TANK ASSEMBLY,48,AC,1,0,0,61,0,89-15138-1A
89-15144-1A,WASHERLOCK SPRING M14 X 3.5t,5,AC-L1-B1 Box,-,X866A725KAXCL - GAZL E3,48,48,X866A725KAXCL - GAZL E3,Bulk,POWER STEERING MiTR FAB BUS C,48,AC,1,0,0,62,0,89-15144-1A
89-15436-1,PLAIN WASHER,5,AC-L1-B2 Box,-,X866A725KAXCL - GAZL E3,144,144,X866A725KAXCL - GAZL E3,Bulk,POWER STEERING MiTR FAB BUS C,144,AC,1,0,0,63,0,89-15436-1
89-15438-1A,WASHER-PLAIN M8X1.6t,5,AC-L1-B1 Box,-,X866A725KAXCL - GAZL E3,24,24,X866A725KAXCL - GAZL E3,Bulk,CHANGE SPEED OPERATION ASSEMBLY,24,AC,1,0,0,64,0,89-15438-1A
89-15538-1A,WASHER-PLAIN M8X2.3t,5,AC-L1-B1 Box,-,X866A725KAXCL - GAZL E3,24,24,X866A725KAXCL - GAZL E3,Bulk,CHANGE SPEED OPERATION ASSEMBLY,24,AC,1,0,0,65,0,89-15538-1A
89-15540-1A,WASHER-PLAIN M10X2.3t,5,AC-L1-B1 Box,-,X866A725KAXCL - GAZL E3,48,48,X866A725KAXCL - GAZL E3,Bulk,MITR 3700WB PANEL AND FAB BUS,48,AC,1,0,0,66,0,89-15540-1A
89-18106-1,"NUT-FLG,HEX M6X1 7N",5,AC-L1-B1 Box,-,X866A725KAXCL - GAZL E3,120,120,X866A725KAXCL - GAZL E3,Bulk,PANEL BUS LHD FUEL PIPING - WITH PREFILT,120,AC,1,0,0,67,0,89-18106-1
89-18108-1A,"NUT-FLG,HEX M8X1.25 7N",5,AC-L1-B1 Box,-,X866A725KAXCL - GAZL E3,264,264,X866A725KAXCL - GAZL E3,Bulk,MITR 3700WB PANEL AND FAB BUS,264,AC,1,0,0,68,0,89-18108-1A
89-18142-1A,"NUT-FLG,HEX M12X1.25 7N",5,AC-L1-B1 Box,-,X866A725KAXCL - GAZL E3,96,96,X866A725KAXCL - GAZL E3,Bulk,PROPELLER SHAFT ASSEMBLY,96,AC,1,0,0,69,0,89-18142-1A
89-18308-1A,"NUT-FLG,HEX M8X1.25 9N",5,AC-L1-B1 Box,-,X866A725KAXCL - GAZL E3,888,888,X866A725KAXCL - GAZL E3,Bulk,MITR 3700WB PANEL AND FAB BUS,888,AC,1,0,0,70,0,89-18308-1A
89-18340-1A,NUTFLGHEX M10X1.25 9N,5,AC-L1-B1 Box,-,X866A725KAXCL - GAZL E3,1200,1200,X866A725KAXCL - GAZL E3,Bulk,MITR FAB E3 3700WB AIS,1200,AC,1,0,0,71,0,89-18340-1A
89-18342-1A,"NUT-FLG,HEX M12X1.25 9N",5,AC-L1-B1 Box,-,X866A725KAXCL - GAZL E3,48,48,X866A725KAXCL - GAZL E3,Bulk,MITR FABPANEL BUS EURO3  EURO,48,AC,1,0,0,72,0,89-18342-1A
89-18642-1A,"NUT-SLOCK FLG,HEX TYPS M12X1.25 9N",5,AC-L1-B1 Box,-,X866A725KAXCL - GAZL E3,24,24,X866A725KAXCL - GAZL E3,Bulk,MITR FABPANEL  ENGINE MTG ASS,24,AC,1,0,0,73,0,89-18642-1A
9-21545-2A,"PIN-COTTER,SPLIT 5",5,AC-L1-B2 Box,-,X866A725KAXCL - GAZL E3,48,48,X866A725KAXCL - GAZL E3,Bulk,MITR FAB FIRST FRONT AXLE  LH,48,AC,1,0,0,74,0,9-21545-2A
990552VE0A,BUSH-PLATE,5,AC-L1-B1 Box,-,X866A725KAXCL - GAZL E3,96,96,X866A725KAXCL - GAZL E3,Bulk,MITR 3700WB-LHD-CSRA - EXPORTS - TOW HOO,96,AC,1,0,0,75,0,990552VE0A
990562VE0A,RIVET - PLATE,5,AC-L1-B1 Box,-,X866A725KAXCL - GAZL E3,48,48,X866A725KAXCL - GAZL E3,Bulk,MITR 3700WB-LHD-CSRA - EXPORTS - TOW HOO,48,AC,1,0,0,76,0,990562VE0A
990982VE0B,LABEL SIDE BS4,5,AC-L1-B1 Box,-,X866A725KAXCL - GAZL E3,24,24,X866A725KAXCL - GAZL E3,Bulk,Badges Assembly For MITR Fabr,24,AC,1,0,0,77,0,990982VE0B
F2S02111,BANJO BOLT M10X1X19MM,5,AC-L1-B1 Box,-,X866A725KAXCL - GAZL E3,48,48,X866A725KAXCL - GAZL E3,Bulk,MITR 3700WB PANEL AND FAB BUS,48,AC,1,0,0,78,0,F2S02111
F3522711,Special Flanged Nut HEX M10,5,AC-L1-B1 Box,-,X866A725KAXCL - GAZL E3,288,288,X866A725KAXCL - GAZL E3,Bulk,PANEL BUS  FABRICATED BUS RR,288,AC,1,0,0,79,0,F3522711
FAN03600,CLIP SPACER TUBE 2 WAY,5,AC-L1-B1 Box,-,X866A725KAXCL - GAZL E3,168,168,X866A725KAXCL - GAZL E3,Bulk,MITR 3700WB PANEL AND FAB BUS,168,AC,1,0,0,80,0,FAN03600
FAN03900,CLIP PIPE  ONE WAY,5,AC-L1-B2 Box,-,X866A725KAXCL - GAZL E3,216,216,X866A725KAXCL - GAZL E3,Bulk,MITR 3700WB PANEL AND FAB BUS,216,AC,1,0,0,81,0,FAN03900
FAN04100,CLIP PIPE SPACER TUBE,5,AC-L1-B1 Box,-,X866A725KAXCL - GAZL E3,48,48,X866A725KAXCL - GAZL E3,Bulk,MITR 3700WB PANEL AND FAB BUS,48,AC,1,0,0,82,0,FAN04100
FB400358,COLLAR BUSH RUBBER MTG,5,AC-L1-B2 Box,-,X866A725KAXCL - GAZL E3,96,96,X866A725KAXCL - GAZL E3,Bulk,CLS COMPL W RING FAN MITR LHD,96,AC,1,0,0,83,0,FB400358
FG300558,FerruleRubber Packing Insul T,5,AC-L1-B1 Box,-,X866A725KAXCL - GAZL E3,96,96,X866A725KAXCL - GAZL E3,Bulk,POWER STEERING MiTR FAB BUS C,96,AC,1,0,0,84,0,FG300558
FGD00199,FIRST AID KIT .,5,AC-L1-B1 Box,-,X866A725KAXCL - GAZL E3,24,24,X866A725KAXCL - GAZL E3,Bulk,PANEL BUS LHD 3700WB (3TON MECHANICAL) T,24,AC,1,0,0,85,0,FGD00199
FRN07311,PIN BAND,5,AC-L1-B1 Box,-,X866A725KAXCL - GAZL E3,48,48,X866A725KAXCL - GAZL E3,Bulk,FUEL TANK ASSEMBLY,48,AC,1,0,0,86,0,FRN07311
L3011018,NUT M10 X PC 8 X 1.5 CP PLATED,5,AC-L1-B1 Box,-,X866A725KAXCL - GAZL E3,192,192,X866A725KAXCL - GAZL E3,Bulk,PANEL BUS  FABRICATED BUS RR,192,AC,1,0,0,87,0,L3011018
L4011000,WASHER 10 DIA PLATED,5,AC-L1-B1 Box,-,X866A725KAXCL - GAZL E3,192,192,X866A725KAXCL - GAZL E3,Bulk,PANEL BUS  FABRICATED BUS RR,192,AC,1,0,0,88,0,L4011000
L7300700,External Circlip E Type ID 7 x T 0.9 mm,5,AC-L1-B1 Box,-,X866A725KAXCL - GAZL E3,24,24,X866A725KAXCL - GAZL E3,Bulk,MITR LHD PANEL AND FAB BUS,24,AC,1,0,0,89,0,L7300700
X1D02411,STUD RADIATOR MOUNT,5,AC-L1-B1 Box,-,X866A725KAXCL - GAZL E3,48,48,X866A725KAXCL - GAZL E3,Bulk,CLS COMPL W RING FAN MITR LHD,48,AC,1,0,0,90,0,X1D02411
X4W00344,VIN PLATE .,5,AC-L1-B2 Box,-,X866A725KAXCL - GAZL E3,24,24,X866A725KAXCL - GAZL E3,Bulk,MITR 3700WB-LHD-CSRA - EXPORTS - TOW HOO,24,AC,1,0,0,91,0,X4W00344
X8H00713,Hose Clamp HOSE CLAMP OD 19.,5,AC-L1-B1 Box,-,X866A725KAXCL - GAZL E3,24,24,X866A725KAXCL - GAZL E3,Bulk,POWER STEERING MiTR FAB BUS C,24,AC,1,0,0,92,0,X8H00713
X8H00813,Hose Clamp OD 24.6MM THK 1.3M,5,AC-L1-B1 Box,-,X866A725KAXCL - GAZL E3,48,48,X866A725KAXCL - GAZL E3,Bulk,POWER STEERING MiTR FAB BUS C,48,AC,1,0,0,93,0,X8H00813
X8H16800,HOSE CLAMP 3550,5,AC-L1-B1 Box,-,X866A725KAXCL - GAZL E3,48,48,X866A725KAXCL - GAZL E3,Bulk,CLS COMPL W RING FAN MITR LHD,48,AC,1,0,0,94,0,X8H16800
XDR00613,BracketSteering Pipe Brkt  PS,5,AC-L1-B1 Box,-,X866A725KAXCL - GAZL E3,144,144,X866A725KAXCL - GAZL E3,Bulk,POWER STEERING MiTR FAB BUS C,144,AC,1,0,0,95,0,XDR00613
371712VE0A,NUT-TAIL SFT,5,AC-L1-B1 Box,-,X866A725KAXCL - GAZL E3,192,192,X866A725KAXCL - GAZL E3,Bulk,PROPELLER SHAFT ASSEMBLY,192,AC,1,0,0,383,0,371712VE0A
383222VE0A,BRTHR,5,AC-L1-B2 Box,-,X866A725KAXCL - GAZL E3,24,24,X866A725KAXCL - GAZL E3,Bulk,SINGLE REAR AXLE ASSEMBLYPANE,24,AC,1,0,0,384,0,383222VE0A
81-58625-33,"BOLT- HEX HEAD,WITH WAVE LOCK WAHSER AND",5,AC-L1-B1 Box,-,X866A725KAXCL - GAZL E3,96,96,X866A725KAXCL - GAZL E3,Bulk,ENG ASSYE3E4 PANELFABRI LOOSE,96,AC,1,0,0,385,0,81-58625-33
81-B4030-1A,"BOLT- FLG, HEX M10X1.25X30 9T (ALF) (ALF)",5,AY,-,X866A725KAXCL - GAZL E3,288,288,X866A725KAXCL - GAZL E3,ALF-Bulk,Chassis Knock down condition,288,AY,1,0,0,386,0,81-B4030-1A
FYL02011,SPECIAL FLANGED SCREW  M8 x 1 (ALF),5,AY,-,X866A725KAXCL - GAZL E3,120,120,X866A725KAXCL - GAZL E3,ALF-Bulk,Chassis Knock down condition,120,AY,1,0,0,387,0,FYL02011
112402VF0A,MBR ASSY. ENGINE MTG. FR (ALF),5,AZ,-,X866A725KAXCL - GAZL E3,24,24,X866A725KAXCL - GAZL E3,ALF - Loose Item,Chassis Knock down condition,12,AZ,2,0,0,388,0,112402VF0A
11-25008-41,BOLT-FLG PILOT (ALF),5,AY,-,X866A725KAXCL - GAZL E3,48,48,X866A725KAXCL - GAZL E3,ALF - Loose Item,Chassis Knock down condition,48,AY,1,0,0,389,0,11-25008-41
112502VE0A,SUPPORT ASSY-ENG MTG (ALF),5,AY,-,X866A725KAXCL - GAZL E3,48,48,X866A725KAXCL - GAZL E3,ALF - Loose Item,Chassis Knock down condition,48,AY,1,0,0,390,0,112502VE0A
207132VE2C,MTG ASSY-EXH (ALF),5,AY,-,X866A725KAXCL - GAZL E3,24,24,X866A725KAXCL - GAZL E3,ALF - Loose Item,Chassis Knock down condition,24,AY,1,0,0,391,0,207132VE2C
207132VE2E,MTG ASSY-EXH (ALF),5,AY,-,X866A725KAXCL - GAZL E3,24,24,X866A725KAXCL - GAZL E3,ALF - Loose Item,Chassis Knock down condition,24,AY,1,0,0,392,0,207132VE2E
207132VF0B,MTG ASSY EXH (ALF),5,AY,-,X866A725KAXCL - GAZL E3,24,24,X866A725KAXCL - GAZL E3,ALF - Loose Item,Chassis Knock down condition,24,AY,1,0,0,393,0,207132VF0B
207132VF0C,MTG ASSY EXH (ALF),5,AY,-,X866A725KAXCL - GAZL E3,24,24,X866A725KAXCL - GAZL E3,ALF - Loose Item,Chassis Knock down condition,24,AY,1,0,0,394,0,207132VF0C
271752VF0A,BRKT ISOLATOR SWITCH (ALF),5,AY,-,X866A725KAXCL - GAZL E3,24,24,X866A725KAXCL - GAZL E3,ALF - Loose Item,Chassis Knock down condition,24,AY,1,0,0,395,0,271752VF0A
501122VF2A,MBR - SIDE OTR (RH) (ALF),5,AZ,-,X866A725KAXCL - GAZL E3,24,24,X866A725KAXCL - GAZL E3,ALF - Loose Item,Chassis Knock down condition,12,AZ,2,0,0,396,0,501122VF2A
501132VF2A,MBR - SIDE OTR (LH) (ALF),5,AZ,-,X866A725KAXCL - GAZL E3,24,24,X866A725KAXCL - GAZL E3,ALF - Loose Item,Chassis Knock down condition,12,AZ,2,0,0,397,0,501132VF2A
501202VF1A,MBR ASSY - SIDE INR FR RH (ALF),5,AZ,-,X866A725KAXCL - GAZL E3,24,24,X866A725KAXCL - GAZL E3,ALF - Loose Item,Chassis Knock down condition,12,AZ,2,0,0,398,0,501202VF1A
501212VF1A,MBR ASSY - SIDE INR FR LH (ALF),5,AZ,-,X866A725KAXCL - GAZL E3,24,24,X866A725KAXCL - GAZL E3,ALF - Loose Item,Chassis Knock down condition,12,AZ,2,0,0,399,0,501212VF1A
501442VF0C,REINF - SIDE MBR INR (RR RH) (ALF),5,AY,-,X866A725KAXCL - GAZL E3,24,24,X866A725KAXCL - GAZL E3,ALF - Loose Item,Chassis Knock down condition,24,AY,1,0,0,400,0,501442VF0C
501442VF1B, REINF - STABILIZER BRKT ASSY (RR RH) (ALF),5,AY,-,X866A725KAXCL - GAZL E3,24,24,X866A725KAXCL - GAZL E3,ALF - Loose Item,Chassis Knock down condition,24,AY,1,0,0,401,0,501442VF1B
501452VF0C,REINF - SIDE MBR INR (RR LH) (ALF),5,AY,-,X866A725KAXCL - GAZL E3,24,24,X866A725KAXCL - GAZL E3,ALF - Loose Item,Chassis Knock down condition,24,AY,1,0,0,402,0,501452VF0C
501452VF0D,REINF - BRKT (ALF),5,AY,-,X866A725KAXCL - GAZL E3,48,48,X866A725KAXCL - GAZL E3,ALF - Loose Item,Chassis Knock down condition,48,AY,1,0,0,403,0,501452VF0D
501452VF1B,REINF - STABILIZER BRKT ASSY (RR LH) (ALF),5,AY,-,X866A725KAXCL - GAZL E3,24,24,X866A725KAXCL - GAZL E3,ALF - Loose Item,Chassis Knock down condition,24,AY,1,0,0,404,0,501452VF1B
503612VF0B,BRKT ASSY - FR SPR (FR LH) (ALF),5,AY,-,X866A725KAXCL - GAZL E3,48,48,X866A725KAXCL - GAZL E3,ALF - Loose Item,Chassis Knock down condition,48,AY,1,0,0,405,0,503612VF0B
503622VF0B,BRKT ASSY - FR SPR (FR RH) (ALF),5,AY,-,X866A725KAXCL - GAZL E3,48,48,X866A725KAXCL - GAZL E3,ALF - Loose Item,Chassis Knock down condition,48,AY,1,0,0,406,0,503622VF0B
503812VF0B,BRKT ASSY - RR SPR (FR LH) (ALF),5,AY,-,X866A725KAXCL - GAZL E3,48,48,X866A725KAXCL - GAZL E3,ALF - Loose Item,Chassis Knock down condition,48,AY,1,0,0,407,0,503812VF0B
503822VF0B,BRKT ASSY - RR SPR (RR RH) (ALF),5,AY,-,X866A725KAXCL - GAZL E3,48,48,X866A725KAXCL - GAZL E3,ALF - Loose Item,Chassis Knock down condition,48,AY,1,0,0,408,0,503822VF0B
504122VF1B,BRKT - FR SHOCK ABS (RH) (ALF),5,AY,-,X866A725KAXCL - GAZL E3,48,48,X866A725KAXCL - GAZL E3,ALF - Loose Item,Chassis Knock down condition,48,AY,1,0,0,409,0,504122VF1B
504202VF0A,BRKT - RR SHOCK ABS (ALF),5,AY,-,X866A725KAXCL - GAZL E3,48,48,X866A725KAXCL - GAZL E3,ALF - Loose Item,Chassis Knock down condition,48,AY,1,0,0,410,0,504202VF0A
510112VF0A,MBR - CROSS 1ST (ALF),5,AX,-,X866A725KAXCL - GAZL E3,24,24,X866A725KAXCL - GAZL E3,ALF - Loose Item,Chassis Knock down condition,6,AX,4,0,0,411,0,510112VF0A
510142VF0A,"GUSS-IST CROSS MBR,RH (ALF)",5,AX,-,X866A725KAXCL - GAZL E3,24,24,X866A725KAXCL - GAZL E3,ALF - Loose Item,Chassis Knock down condition,6,AX,4,0,0,412,0,510142VF0A
510152VF0A,"GUSS-IST CROSS MBR,LH (ALF)",5,AX,-,X866A725KAXCL - GAZL E3,24,24,X866A725KAXCL - GAZL E3,ALF - Loose Item,Chassis Knock down condition,6,AX,4,0,0,413,0,510152VF0A
510202VF0B,MBR ASSY CROSS 2ND (ALF),5,AX,-,X866A725KAXCL - GAZL E3,24,24,X866A725KAXCL - GAZL E3,ALF - Loose Item,Chassis Knock down condition,6,AX,4,0,0,414,0,510202VF0B
510302VF0C,MBR ASSYCROSS (ALF),5,AX,-,X866A725KAXCL - GAZL E3,72,72,X866A725KAXCL - GAZL E3,ALF - Loose Item,Chassis Knock down condition,18,AX,4,0,0,415,0,510302VF0C
510402VF0B,MBR ASSY  CROSS 4TH (ALF),5,AX,-,X866A725KAXCL - GAZL E3,24,24,X866A725KAXCL - GAZL E3,ALF - Loose Item,Chassis Knock down condition,6,AX,4,0,0,416,0,510402VF0B
511912VF0A,RET CAB MTG – RH (ALF),5,AY,-,X866A725KAXCL - GAZL E3,48,48,X866A725KAXCL - GAZL E3,ALF - Loose Item,Chassis Knock down condition,48,AY,1,0,0,417,0,511912VF0A
511912VF1A,RET CAB MTG RH (ALF),5,AY,-,X866A725KAXCL - GAZL E3,24,24,X866A725KAXCL - GAZL E3,ALF - Loose Item,Chassis Knock down condition,24,AY,1,0,0,418,0,511912VF1A
511912VF2A,RET CAB MTG LH (ALF),5,AY,-,X866A725KAXCL - GAZL E3,24,24,X866A725KAXCL - GAZL E3,ALF - Loose Item,Chassis Knock down condition,24,AY,1,0,0,419,0,511912VF2A
545162VE1A,"BRKT-BMPR RUB,RH (ALF)",5,AY,-,X866A725KAXCL - GAZL E3,24,24,X866A725KAXCL - GAZL E3,ALF - Loose Item,Chassis Knock down condition,24,AY,1,0,0,420,0,545162VE1A
545172VE1A,"BRKT-BMPR RUB,LH (ALF)",5,AY,-,X866A725KAXCL - GAZL E3,24,24,X866A725KAXCL - GAZL E3,ALF - Loose Item,Chassis Knock down condition,24,AY,1,0,0,421,0,545172VE1A
81-A4435-1A,"BOLT- FLG, HEX M14X1.5X35 7T (ALF)",5,AY,-,X866A725KAXCL - GAZL E3,48,48,X866A725KAXCL - GAZL E3,ALF - Loose Item,Chassis Knock down condition,48,AY,1,0,0,422,0,81-A4435-1A
81-A4445-1A,BOLT FLG HEX M6X1.0X12 7T (ALF),5,AY,-,X866A725KAXCL - GAZL E3,816,816,X866A725KAXCL - GAZL E3,ALF - Loose Item,Chassis Knock down condition,816,AY,1,0,0,423,0,81-A4445-1A
81-B4230-1A,BOLT FLANGE (PART NO: 81-B4230-1A) (ALF),5,AY,-,X866A725KAXCL - GAZL E3,48,48,X866A725KAXCL - GAZL E3,ALF - Loose Item,Chassis Knock down condition,48,AY,1,0,0,424,0,81-B4230-1A
81-B4240-1A,BOLT FLG HEX M6X1.0X12 7T (ALF),5,AY,-,X866A725KAXCL - GAZL E3,96,96,X866A725KAXCL - GAZL E3,ALF - Loose Item,Chassis Knock down condition,96,AY,1,0,0,425,0,81-B4240-1A
81-A0825-1A,"BOLT- FLG, HEX M8X1.25X25 7T (ALF)",5,AY,-,X866A725KAXCL - GAZL E3,24,24,X866A725KAXCL - GAZL E3,ALF-Bulk,Chassis Knock down condition,24,AY,1,0,0,426,0,81-A0825-1A
81-A4025-1A,"Bolt-FLG,Hex M10*1.25*25 7T (ALF)",5,AY,-,X866A725KAXCL - GAZL E3,2976,2976,X866A725KAXCL - GAZL E3,ALF-Bulk,Chassis Knock down condition,2976,AY,1,0,0,427,0,81-A4025-1A
81-B4035-1A,BOLT - FLG M10 X 1.25 X 35 (ALF),5,AY,-,X866A725KAXCL - GAZL E3,2976,2976,X866A725KAXCL - GAZL E3,ALF-Bulk,Chassis Knock down condition,2976,AY,1,0,0,428,0,81-B4035-1A
89-18308-1A,"NUT-FLG,HEX M8X1.25 9N (ALF)",5,AY,-,X866A725KAXCL - GAZL E3,144,144,X866A725KAXCL - GAZL E3,ALF-Bulk,Chassis Knock down condition,144,AY,1,0,0,429,0,89-18308-1A
89-18340-1A,NUTFLGHEX M10X1.25 9N (ALF),5,AY,-,X866A725KAXCL - GAZL E3,4536,4536,X866A725KAXCL - GAZL E3,ALF-Bulk,Chassis Knock down condition,4536,AY,1,0,0,430,0,89-18340-1A
89-18342-1A,"NUT-FLG,HEX M12X1.25 9N (ALF)",5,AY,-,X866A725KAXCL - GAZL E3,384,384,X866A725KAXCL - GAZL E3,ALF-Bulk,Chassis Knock down condition,384,AY,1,0,0,431,0,89-18342-1A
207132VF0D,MTG ASSY - EXH (ALF),5,AY,-,X866A725KAXCL - GAZL E3,24,24,X866A725KAXCL - GAZL E3,ALF-Bulk,Chassis Knock down condition,24,AY,1,0,0,432,0,207132VF0D
81-A4030-1A,"BOLT- FLG, HEX M10X1.25X30 7T (ALF)",5,AY,-,X866A725KAXCL - GAZL E3,1128,1128,X866A725KAXCL - GAZL E3,ALF-Bulk,Chassis Knock down condition,1128,AY,1,0,0,433,0,81-A4030-1A
81-A4230-1A,"BOLT- FLG, HEX M12X1.25X30 7T (ALF)",5,AY,-,X866A725KAXCL - GAZL E3,96,96,X866A725KAXCL - GAZL E3,ALF-Bulk,Chassis Knock down condition,96,AY,1,0,0,434,0,81-A4230-1A
81-A4240-1A,"BOLT - FLG, HEX M12X1.25X40T (ALF)",5,AY,-,X866A725KAXCL - GAZL E3,96,96,X866A725KAXCL - GAZL E3,ALF-Bulk,Chassis Knock down condition,96,AY,1,0,0,435,0,81-A4240-1A
89-18344-1A,"NUT-FLG,HEX M14X1.5 9N (ALF)",5,AY,-,X866A725KAXCL - GAZL E3,864,864,X866A725KAXCL - GAZL E3,ALF-Bulk,Chassis Knock down condition,864,AY,1,0,0,436,0,89-18344-1A
